filename,width,height,class,xmin,ymin,xmax,ymax
01FKNVD1QCAJDVC4F74BEY6H2E_jpeg_jpg.rf.cd150f6ff8a2232ac9d5cb7f17622395.jpg,640,640,mug,108,111,577,559
01FKNVJ2DTQWTSX0F96A11JA8Q_jpeg_jpg.rf.ce5cc3cd51b3c2e6ea8d045d50a931a3.jpg,640,640,mug,100,103,603,580





01FKNVD94KPX3B9HZW50RVKW48_jpeg_jpg.rf.cd8202d282920ddbaa9930b83c968096.jpg,640,640,mug,155,124,434,459
01FKNVD70DNA024DBQ5SJ9GRFQ_jpeg_jpg.rf.c91966f294820e10ba9f77494fd0f1e8.jpg,640,640,mug,116,145,598,539
01FKNVKXHRE43X84NJAEC4496Q_jpeg_jpg.rf.caad975a7e9ddc88d343e48015f6c023.jpg,640,640,mug,33,155,586,565
01FKNVFBPAPPDBK4E1G1213HM8_jpeg_jpg.rf.ccc3f35af74f236d708569ea7bed8376.jpg,640,640,mug,44,142,583,549


01FKNVF9H070DH76865R2QRAB4_jpeg_jpg.rf.c87a6c254520b91375ee60607c8610dc.jpg,640,640,mug,135,20,508,586
01FKNVDTD83SX7VQ8871WS3TH3_jpeg_jpg.rf.cbae3d4940f9218a6549481a2b0d6574.jpg,640,640,mug,81,50,614,521

01FKNVDVKJGGGJJFNX0GTV0SR4_jpeg_jpg.rf.cdb2a3fbeeb76f5ed16914e32f5e4980.jpg,640,640,mug,95,35,542,493
01FKNVECFNCGGXQ3RHC2JPFAM2_jpeg_jpg.rf.ca06b970dc2611db2b92769eb291eeeb.jpg,640,640,mug,49,23,572,635
01FKNVEG2EY03XJY0R0E0RX34R_jpeg_jpg.rf.cd883d90d7672816dc0891111e055f8e.jpg,640,640,mug,143,37,529,558
01FKNVKW7RA26NJNKP4DDF4SSA_jpeg_jpg.rf.cee55deac3e630b2834a0e745815d443.jpg,640,640,mug,22,118,614,539

01FKNVFVB0DGDMTJSG6VN5SYXJ_jpeg_jpg.rf.cda295714f0770fde5f9816f604e204c.jpg,640,640,mug,115,113,461,522
01FKNVCK2TZFTKNNHT6DTDXQNS_jpeg_jpg.rf.c87cd6a33384cfe434708e5d413f2df4.jpg,640,640,mug,76,154,582,526
01FKNVDVKJGGGJJFNX0GTV0SR4_jpeg_jpg.rf.d075a1255734517e82caa1b8df5f0177.jpg,640,640,mug,150,87,577,554
01FKNVE4KDQBTCAN276PP8TJB7_jpeg_jpg.rf.ce89ac18b6162fea8d1741626c6758fa.jpg,640,640,mug,31,51,614,592
01FKNVCG3CPZ5Z8W4ABS873SN6_jpeg_jpg.rf.cf28604d889787cf8f1fd8275ffa3d82.jpg,640,640,mug,52,162,586,478
01FKNVK3SS7ERBA3A02KPN80TD_jpeg_jpg.rf.d355164f2c7dc3b54b63120e3ac791b9.jpg,640,640,mug,128,94,476,462
01FKNVM5G9C3J44SKP2DGB668B_png_jpg.rf.d6ec2afae58e22193deda321d9a0ae9a.jpg,640,640,mug,43,112,510,551
01FKNVKJ8ZPA81KT5AEGZXE1RX_jpeg_jpg.rf.d7add0066268616cdd73a3d55dd47df1.jpg,640,640,mug,49,80,617,556
01FKNVFW1Y2FB353N8YHAYCPT1_jpeg_jpg.rf.d7d505325f4eb9d3e6d03193d4f4a045.jpg,640,640,mug,167,169,501,545
01FKNVFE6HVKF48WJGT5YZGH5G_jpeg_jpg.rf.d7c54377090adcf83ccfe570d40b8d07.jpg,640,640,mug,9,93,598,602
01FKNVENQ8WZAD9VZF1MGKV7QV_jpeg_jpg.rf.d64c525499455506d300796b0cbef6e3.jpg,640,640,mug,89,84,592,568
01FKNVK2S7EJGQ81XD74Z9CVPT_jpeg_jpg.rf.cfe885de9a7aa9c43a5454f3cf174003.jpg,640,640,mug,63,49,582,500


01FKNVFA8SWNGK69RGQ8SK1YHS_jpeg_jpg.rf.d3dc2129c4574d590b7f1cc85140d27d.jpg,640,640,mug,44,58,512,593

01FKNVCGZZHV6R8W803DRASFW3_jpeg_jpg.rf.d30ebf190b04034ca685ba2044a7a818.jpg,640,640,mug,320,315,563,475
01FKNVCGZZHV6R8W803DRASFW3_jpeg_jpg.rf.d30ebf190b04034ca685ba2044a7a818.jpg,640,640,mug,71,314,322,474

01FKNVKZCTP7CMGQTTNSRKK5V5_jpeg_jpg.rf.d6ef0f4997d027d529f56682f8aaecf4.jpg,640,640,mug,20,99,610,579
01FKNVF7YRNWAWVS7F3T0XDV5T_jpeg_jpg.rf.d57e4db07b8d79d91976f99f94745742.jpg,640,640,mug,23,63,600,581
01FKNVEKMFBVA4X0FSE4K7GAW3_jpeg_jpg.rf.d3414d494e5109e33a6c411b672c5343.jpg,640,640,mug,0,70,632,565
01FKNVF6FXMFEYXVMVTBVTF9X5_jpeg_jpg.rf.dacd797f7e69817a33eeec9d7f0e89ab.jpg,640,640,mug,364,113,639,409
01FKNVF6FXMFEYXVMVTBVTF9X5_jpeg_jpg.rf.dacd797f7e69817a33eeec9d7f0e89ab.jpg,640,640,mug,0,128,370,509


01FKNVFYWSH5HP3GVB6PBVSEJD_jpeg_jpg.rf.d1351b5058645b8d74df9a4023897a1f.jpg,640,640,mug,84,71,606,585
01FKNVJD131QNXREZZ6BGDANA5_jpeg_jpg.rf.d70d40a08d31c130b5117d8e884d9c1c.jpg,640,640,mug,185,83,538,611
01FKNVG3ZTVRQMC2HHKVE99H2N_jpeg_jpg.rf.dc82fca9dcb4b51f82c51f6f172d8021.jpg,640,640,mug,64,99,546,532
01FKNVGHZZQ3AKAE8HFKXKRGBH_jpeg_jpg.rf.cf735c431f2b57ef6d2874f7262b71cf.jpg,640,640,mug,75,257,478,559
01FKNVK63T0AE71V2EB9MWSY1T_png_jpg.rf.d8e7cc983beb522623f8b0c74ad093e3.jpg,640,640,mug,135,100,623,580

01FKNVKMWQ3TVP1XR76SRW4Y8S_jpeg_jpg.rf.da9c4a2cb832545cb99bd4c0874a3df8.jpg,640,640,mug,73,100,546,629

01FKNVCXE42XAH3C7P75XZXW8A_jpeg_jpg.rf.e1ec8c0a1fef88cecdf024b1065fb9cc.jpg,640,640,mug,79,179,515,576
01FKNVFWT4D51QETSGRV8KC6VP_jpeg_jpg.rf.dcb68143f4b7ace90732ac4af2a01910.jpg,640,640,mug,189,2,404,450
01FKNVFWT4D51QETSGRV8KC6VP_jpeg_jpg.rf.dcb68143f4b7ace90732ac4af2a01910.jpg,640,640,mug,230,360,423,632
01FKNVDD9AD7VD4K0WEK7HGK34_jpeg_jpg.rf.df029a19e72e3750e86680005db4b731.jpg,640,640,mug,80,84,444,522
01FKNVEBRZB2X3821DPQ13B185_jpeg_jpg.rf.dce51ad31835bdaebec36efbeb7d7140.jpg,640,640,mug,5,41,604,599
01FKNVCV29JG8RRQCPEJSX3HP4_jpeg_jpg.rf.e3feac8c7269c89a02ab56cdf58d635d.jpg,640,640,mug,246,75,418,382
01FKNVCV29JG8RRQCPEJSX3HP4_jpeg_jpg.rf.e3feac8c7269c89a02ab56cdf58d635d.jpg,640,640,mug,35,228,250,555
01FKNVC5AMWM7XDQ8MMD0VZS8K_jpeg_jpg.rf.db40ce4dad3d19b99c534d8069cdba8f.jpg,640,640,mug,15,50,608,567
01FKNVH9HS2S4DTVZ55NQT69TJ_jpeg_jpg.rf.e149fc694d4ac3fc9504f33bcf0e3fcc.jpg,640,640,mug,248,195,398,486
01FKNVH9HS2S4DTVZ55NQT69TJ_jpeg_jpg.rf.e149fc694d4ac3fc9504f33bcf0e3fcc.jpg,640,640,mug,404,221,576,551
01FKNVH9HS2S4DTVZ55NQT69TJ_jpeg_jpg.rf.e149fc694d4ac3fc9504f33bcf0e3fcc.jpg,640,640,mug,108,167,247,458
01FKNVKW7RA26NJNKP4DDF4SSA_jpeg_jpg.rf.e7ad4cd6a6ab3d7fd7efdd71fdfbfee8.jpg,640,640,mug,26,118,618,539

01FKNVHKWR5Z8NCHCEW4QDASN0_jpeg_jpg.rf.e1172a2e6579c3fd32bc195a38e0916a.jpg,640,640,mug,98,126,614,513

01FKNVEZZTFNRD5BPA613QWHCM_jpeg_jpg.rf.dd11d82768da0ce528301511d100db40.jpg,640,640,mug,57,193,514,574
01FKNVC5AMWM7XDQ8MMD0VZS8K_jpeg_jpg.rf.e457ebb238732bea7e3c434ebd2fa58f.jpg,640,640,mug,32,50,625,567
01FKNVM3WGMJ7M0NYA5Z99DMCQ_png_jpg.rf.e9bca73cbfda0640433ef67a715c4f58.jpg,640,640,mug,71,59,580,640

01FKNVC8B89C2AXHV0JA0E98E1_jpeg_jpg.rf.e7db767600a7fbb31d5755150da309ef.jpg,640,640,mug,72,125,512,511



01FKNVCNBHCQAP88NPFYCKX55M_jpeg_jpg.rf.e351953d1b26fd765f9ce81352d09227.jpg,640,640,mug,31,155,271,499
01FKNVCNBHCQAP88NPFYCKX55M_jpeg_jpg.rf.e351953d1b26fd765f9ce81352d09227.jpg,640,640,mug,235,149,394,491
01FKNVCNBHCQAP88NPFYCKX55M_jpeg_jpg.rf.e351953d1b26fd765f9ce81352d09227.jpg,640,640,mug,358,144,600,481
01FKNVEZ9TPFGYKKAMTF18PZ5B_jpeg_jpg.rf.e090c6a6865142de52c87c36ad72477c.jpg,640,640,mug,157,63,577,596

01FKNVH7B524PMFAGZBWNGEZS9_jpeg_jpg.rf.e7fab27dfa89df3aee2fd3bad3f24eac.jpg,640,640,mug,138,138,505,494
01FKNVK63T0AE71V2EB9MWSY1T_png_jpg.rf.e239f6c5e43ecc67077f42a5e31a7755.jpg,640,640,mug,18,111,492,582
01FKNVECFNCGGXQ3RHC2JPFAM2_jpeg_jpg.rf.e83568f14246222958290befe93c1686.jpg,640,640,mug,19,55,618,552

01FKNVK80ZR9QSZREDRDS7SJ4E_png_jpg.rf.dcb32704f94aa728b4ef7322dcba5904.jpg,640,640,mug,45,37,604,623
01FKNVCXE42XAH3C7P75XZXW8A_jpeg_jpg.rf.ea2caf4b113af0a95177918ca7754636.jpg,640,640,mug,73,142,420,561
01FKNVD94KPX3B9HZW50RVKW48_jpeg_jpg.rf.ea8517029b23eac85d44c4c450c85f97.jpg,640,640,mug,206,124,485,459
01FKNVCSPFPSF16P22VJRX9KQ6_jpeg_jpg.rf.ea3556954ff2f397846ef81e7e283efe.jpg,640,640,mug,111,100,563,607

01FKNVKPQP2ARPPYGD77V6ESTH_jpeg_jpg.rf.eb35dd9e8476a4a1646aa162896c451c.jpg,640,640,mug,24,81,524,585
01FKNVDP7N7JNP4J12DXF5SPJV_jpeg_jpg.rf.ec0eb65528c4008f9c968240d052a778.jpg,640,640,mug,34,49,589,606
01FKNVFS3YD55G9NDETJ4GK1KT_jpeg_jpg.rf.eb5da1614fc477d53d94e0ee5efd2286.jpg,640,640,mug,35,153,572,509

01FKNVEG2EY03XJY0R0E0RX34R_jpeg_jpg.rf.ec4b7724c50038ef65d3c8bcee54ac4e.jpg,640,640,mug,153,59,518,563
01FKNVE70V252H63WNXFEH68NS_jpeg_jpg.rf.eedaa9e53feb9e9ac64bb73fbd5146ad.jpg,640,640,mug,97,144,554,592
01FKNVEGTDQD19CB0YGFDBXYBX_jpeg_jpg.rf.f2a96366c1db82e1f223f12d65b8dcdf.jpg,640,640,mug,0,5,636,624
01FKNVEF8QMM0MKX1Q2VSG0V2M_jpeg_jpg.rf.f4dba4970bb2cabf5f46ea1d45c2b1b6.jpg,640,640,mug,32,2,619,638
01FKNVDZ8S8DYC5P209N623QPA_jpeg_jpg.rf.ee702bf8aa7518d743d37d479ac8db07.jpg,640,640,mug,1,0,640,640

01FKNVK0R0Y40M60J06AVGB36W_jpeg_jpg.rf.ec3c52e07b83f2463aec1e597e0b2729.jpg,640,640,mug,86,134,485,514

01FKNVGJSEVQAREF92XSAS4T3F_jpeg_jpg.rf.f37df27c334d9b95c4b9b60f9498dc30.jpg,640,640,mug,19,187,358,460
01FKNVGJSEVQAREF92XSAS4T3F_jpeg_jpg.rf.f37df27c334d9b95c4b9b60f9498dc30.jpg,640,640,mug,287,122,626,399
01FKNVDGD13FH699TB2QAX95VE_png_jpg.rf.ef58398a74078dbaecf1e2d2c4835a17.jpg,640,640,mug,45,59,548,528
01FKNVC5AMWM7XDQ8MMD0VZS8K_jpeg_jpg.rf.f0c29f43cc64d9bfb81dd5a2abed0f1d.jpg,640,640,mug,49,29,594,631
01FKNVCV29JG8RRQCPEJSX3HP4_jpeg_jpg.rf.f050517d1e51de63d94f9ebf10c6b3d6.jpg,640,640,mug,227,23,575,268
01FKNVCV29JG8RRQCPEJSX3HP4_jpeg_jpg.rf.f050517d1e51de63d94f9ebf10c6b3d6.jpg,640,640,mug,54,255,395,435

01FKNVF1DHPR53FSXR2GJJJXHX_jpeg_jpg.rf.f28e3d1331877642134b191339f201ea.jpg,640,640,mug,14,78,634,576


01FKNVFW1Y2FB353N8YHAYCPT1_jpeg_jpg.rf.f5f6ef001ffd978b9baed433c8eccd3d.jpg,640,640,mug,140,169,474,545

01FKNVKGDBY8G6DFE9H0HEY2VW_jpeg_jpg.rf.f3a0078d018dca26f80230b39ca95736.jpg,640,640,mug,75,46,545,613
01FKNVEG2EY03XJY0R0E0RX34R_jpeg_jpg.rf.f790293609fb761071dea2a3d949e144.jpg,640,640,mug,49,120,551,539


01FKNVK1GX68M7W514QNABRY5V_jpeg_jpg.rf.fa91ba7e3c68616bfb1e73a7db613405.jpg,640,640,mug,99,45,601,604
01FKNVFKSSEBE0B7B4QY8D6WVY_jpeg_jpg.rf.f6a3fbed5b1fc7802ba953cf2dd5d16a.jpg,640,640,mug,147,71,515,562
01FKNVKB2FN7PKCS2PADA84P14_jpeg_jpg.rf.fc401d0bacdfb6d3a82b74abef4161a4.jpg,640,640,mug,10,111,601,527
01FKNVK63T0AE71V2EB9MWSY1T_png_jpg.rf.f6cb37e37a5b7883f9ae1aca1eb844bf.jpg,640,640,mug,17,100,505,580

01FKNVDZ8S8DYC5P209N623QPA_jpeg_jpg.rf.fd2e7996f929952a62a87e89d2083d39.jpg,640,640,mug,6,1,640,640
01FKNVFVB0DGDMTJSG6VN5SYXJ_jpeg_jpg.rf.fb0334e434830ab6c9e3f6682eb559dc.jpg,640,640,mug,140,162,505,515

01FKNVJ06RGRGE8TDM184NPZSW_jpeg_jpg.rf.ea240e85f22df591ca390b2918aafcdb.jpg,640,640,mug,117,143,589,593
01FKNVKMWQ3TVP1XR76SRW4Y8S_jpeg_jpg.rf.f9e8061c786033084b2c249919f8bcef.jpg,640,640,mug,94,100,567,629
01FKNVK80ZR9QSZREDRDS7SJ4E_png_jpg.rf.fec6dab9b3f8043a87dbb4075b52e0da.jpg,640,640,mug,36,37,595,623
01FKNVCK2TZFTKNNHT6DTDXQNS_jpeg_jpg.rf.f82cf163da413518eb066879ffc96013.jpg,640,640,mug,58,154,564,526
01FKNVCNBHCQAP88NPFYCKX55M_jpeg_jpg.rf.fa7fd1483e88c2074c7dce58011e8942.jpg,640,640,mug,370,155,610,499
01FKNVCNBHCQAP88NPFYCKX55M_jpeg_jpg.rf.fa7fd1483e88c2074c7dce58011e8942.jpg,640,640,mug,246,149,405,491
01FKNVCNBHCQAP88NPFYCKX55M_jpeg_jpg.rf.fa7fd1483e88c2074c7dce58011e8942.jpg,640,640,mug,41,144,283,481
01FKNVDBJA1A9WDVAT5HASRPSQ_jpeg_jpg.rf.fb35015f717ae644d6396473add0a784.jpg,640,640,mug,152,98,452,247
01FKNVDBJA1A9WDVAT5HASRPSQ_jpeg_jpg.rf.fb35015f717ae644d6396473add0a784.jpg,640,640,mug,175,254,493,404
01FKNVDBJA1A9WDVAT5HASRPSQ_jpeg_jpg.rf.fb35015f717ae644d6396473add0a784.jpg,640,640,mug,200,404,554,579
01FKNVK95X5B892WGKXHZA7KC6_png_jpg.rf.fac367a00d2dd128d6025fbf205141a0.jpg,640,640,mug,18,45,604,583
01FKNVEZ9TPFGYKKAMTF18PZ5B_jpeg_jpg.rf.f5c1eb48994383034a5a0fb0cb4cee01.jpg,640,640,mug,63,63,483,596
01FKNVCSPFPSF16P22VJRX9KQ6_jpeg_jpg.rf.ff3b3e925fda33b853a4860740c7ff9e.jpg,640,640,mug,91,35,555,610
01FKNVC8B89C2AXHV0JA0E98E1_jpeg_jpg.rf.fde6a34889abf24df4539b93a51e3ddc.jpg,640,640,mug,140,116,520,579
01FKNVFKSSEBE0B7B4QY8D6WVY_jpeg_jpg.rf.fd5b219effb955be13dec2d189a21d7a.jpg,640,640,mug,125,71,493,562


01FKNVJ2DTQWTSX0F96A11JA8Q_jpeg_jpg.rf.0132da1726bd70eaa185c587081f2f33.jpg,640,640,mug,37,103,540,580


01FKNVFE6HVKF48WJGT5YZGH5G_jpeg_jpg.rf.0b312df0f24f7728c365d7c93d120496.jpg,640,640,mug,55,85,634,605


01FKNVFTKCX1QZ50RMJMHR0VHW_jpeg_jpg.rf.0698d1b5ecd5ed4e1e333f83f18a90a5.jpg,640,640,mug,80,163,480,492
01FKNVESDPDZCDKA05BRWR1D4P_jpeg_jpg.rf.1081217885c8f52e1108a06557b9dfe1.jpg,640,640,mug,23,115,618,570


01FKNVK95X5B892WGKXHZA7KC6_png_jpg.rf.0cfeb30d6036e94dbf252ec634aa8992.jpg,640,640,mug,36,45,622,583

01FKNVEQ7FCRNDCY4R9SK2DK87_jpeg_jpg.rf.0cac192797c58cd5042c307d9c1e7a98.jpg,640,640,mug,14,32,616,613

01FKNVKDQFYM1DZ2PWHVB1JN7E_jpeg_jpg.rf.0b032093d64ec987062948652f0e34d1.jpg,640,640,mug,51,67,617,590
01FKNVEJ9GA4QQAD7G1X39NNAA_jpeg_jpg.rf.093e3a6496f68a4078979c76dc40104d.jpg,640,640,mug,0,64,639,572
01FKNVFF7X7CP3J6PTXY2RKVKS_jpeg_jpg.rf.11a55d9bd6af501dd310a1cd39f0f46b.jpg,640,640,mug,53,164,613,568

01FKNVG13252G5TTVBHJVHBN1D_jpeg_jpg.rf.1127074ea6828f4b8b6aaf3947245ad8.jpg,640,640,mug,0,5,640,640


01FKNVEG2EY03XJY0R0E0RX34R_jpeg_jpg.rf.0c825323348b1cc03e97248791d14fcc.jpg,640,640,mug,122,59,487,563
01FKNVDD9AD7VD4K0WEK7HGK34_jpeg_jpg.rf.1157b56c57fed8d1fe2d4d1ff080b6fd.jpg,640,640,mug,195,146,572,543
01FKNVEF8QMM0MKX1Q2VSG0V2M_jpeg_jpg.rf.0f62ca2d7c757b4523f471a6206ee48b.jpg,640,640,mug,5,22,640,608
01FKNVCQQ2EX34EMYCE2WY4AEC_jpeg_jpg.rf.1147d565b6ed37c9467009444e08d5f8.jpg,640,640,mug,39,63,630,562

01FKNVJ6ZT1K474C98MHN0PG3R_jpeg_jpg.rf.0d9bd2efb97e9197bf63aa6dd9373266.jpg,640,640,mug,63,173,595,593
01FKNVFK34VH969NPCGN99FX6C_jpeg_jpg.rf.1406f7b72d9305bef515659ffd7c8860.jpg,640,640,mug,107,118,610,554
01FKNVEXVFGMRHXJJEQBKN2GD4_jpeg_jpg.rf.1217d27ff40324223886e4af4406b3a5.jpg,640,640,mug,74,155,494,502



01FKNVDZ8S8DYC5P209N623QPA_jpeg_jpg.rf.1408f8161b089464bcfb9757cda61233.jpg,640,640,mug,0,1,634,640
01FKNVFPR4RW88WAHSDP0V33Q8_jpeg_jpg.rf.14913aad3139c48ad6daa366663ba113.jpg,640,640,mug,64,18,314,261
01FKNVFPR4RW88WAHSDP0V33Q8_jpeg_jpg.rf.14913aad3139c48ad6daa366663ba113.jpg,640,640,mug,171,202,414,457
01FKNVFPR4RW88WAHSDP0V33Q8_jpeg_jpg.rf.14913aad3139c48ad6daa366663ba113.jpg,640,640,mug,285,395,536,640

01FKNVCXE42XAH3C7P75XZXW8A_jpeg_jpg.rf.1a81bab33ca351b4007be50966731c4d.jpg,640,640,mug,180,95,592,533
01FKNVKGDBY8G6DFE9H0HEY2VW_jpeg_jpg.rf.18288e259663c929362974f13e359491.jpg,640,640,mug,22,73,588,553
01FKNVF76HBTJ256E87HGNVBW7_jpeg_jpg.rf.173570819f992d6198ef36134f8db4d3.jpg,640,640,mug,93,110,573,640
01FKNVEPE4NVAXK9Q4H3FEPK3F_jpeg_jpg.rf.1a722c4cdece6ed9ab6ab80af3e7e64e.jpg,640,640,mug,91,81,583,549

01FKNVKT3XJCEHTR84HT2M5840_jpeg_jpg.rf.150bb7e7b3d22682a082360124be0798.jpg,640,640,mug,180,121,489,534
01FKNVEKMFBVA4X0FSE4K7GAW3_jpeg_jpg.rf.1a2aa108d72d515361607d80bb47f1ba.jpg,640,640,mug,8,70,640,565
01FKNVJRFZVZ22Q72W3BK5A4E5_jpeg_jpg.rf.1a85a4bf2b275732974dd6955e662a75.jpg,640,640,mug,22,116,617,570
01FKNVDJJ4KK526B321FDQJNPR_png_jpg.rf.1c585cd2d30391b5d1cdf10a019cfa7d.jpg,640,640,mug,64,162,366,515
01FKNVKA41SQP0NFM72AXKYQ7X_jpeg_jpg.rf.16d43e78e4043d56fb46c0610f1061e5.jpg,640,640,mug,24,20,620,613
01FKNVEE5VK49ZXTHQZ8FH4KSV_jpeg_jpg.rf.156f9d23bf73532a2bb4d8092af7c4b2.jpg,640,640,mug,6,6,639,632
01FKNVFGTBVKDKQ2Q1XXKSFNHV_jpeg_jpg.rf.1e0fce9cfeab17af239654df47db80c9.jpg,640,640,mug,93,268,550,561
01FKNVENQ8WZAD9VZF1MGKV7QV_jpeg_jpg.rf.1ddc7ddf144eae308620703d98e6109a.jpg,640,640,mug,48,84,551,568

01FKNVFN8QBFCHYH3YTDD99XP0_jpeg_jpg.rf.1b12203bd6da6fb1df8cca9169b058ce.jpg,640,640,mug,50,41,619,617
01FKNVG1TK5F13X8F3YKPTMEJJ_jpeg_jpg.rf.2210a8387f08586e3541a6994e2d33e0.jpg,640,640,mug,21,1,609,619


01FKNVDTD83SX7VQ8871WS3TH3_jpeg_jpg.rf.216390f4b410c882ac2254a1581ff4d2.jpg,640,640,mug,26,50,559,521
01FKNVEWAZ9RZNW1V8TNRA7TVY_jpeg_jpg.rf.1ec7662b3abdd6206e8cdc8a557d1d74.jpg,640,640,mug,292,210,639,631
01FKNVEWAZ9RZNW1V8TNRA7TVY_jpeg_jpg.rf.1ec7662b3abdd6206e8cdc8a557d1d74.jpg,640,640,mug,141,164,363,494
01FKNVEWAZ9RZNW1V8TNRA7TVY_jpeg_jpg.rf.1ec7662b3abdd6206e8cdc8a557d1d74.jpg,640,640,mug,0,101,209,386
01FKNVK2S7EJGQ81XD74Z9CVPT_jpeg_jpg.rf.1a9efeb2a001e71a3a2bb1e7d4524102.jpg,640,640,mug,137,50,572,599



01FKNVK3SS7ERBA3A02KPN80TD_jpeg_jpg.rf.2368d321e17b78fdecf916649df8c5a3.jpg,640,640,mug,164,94,512,462
01FKNVJBEYJCHRSV8J78ESVK0K_jpeg_jpg.rf.22d5b236521ef79a5b4a5725071c6259.jpg,640,640,mug,28,74,615,564
01FKNVEXVFGMRHXJJEQBKN2GD4_jpeg_jpg.rf.227665d8d829e4ac7863184f156e1a54.jpg,640,640,mug,144,78,508,492
01FKNVHY037QA5NEWEN9YGGM5G_jpeg_jpg.rf.155801f7ed0dbb680f8eab2a07d89d23.jpg,640,640,mug,18,113,587,526
01FKNVF7YRNWAWVS7F3T0XDV5T_jpeg_jpg.rf.23537a15b95c03db62d759cea21e2b2f.jpg,640,640,mug,40,63,617,581
01FKNVCXE42XAH3C7P75XZXW8A_jpeg_jpg.rf.249de27688aa9573d184f8eeea5a0145.jpg,640,640,mug,125,179,561,576

01FKNVFN8QBFCHYH3YTDD99XP0_jpeg_jpg.rf.2400898be12aafdcc8e5e136b7934405.jpg,640,640,mug,21,41,590,617
01FKNVKEN1C2Z0D8S432JYHKR7_jpeg_jpg.rf.24e81ea0adf1f272aaed063572f1ee80.jpg,640,640,mug,128,140,475,528
01FKNVFN8QBFCHYH3YTDD99XP0_jpeg_jpg.rf.22dccfa6bd7d619933d9947608d795f0.jpg,640,640,mug,50,31,612,599
01FKNVEF8QMM0MKX1Q2VSG0V2M_jpeg_jpg.rf.27bf25e0087f79266e1cade482667aa0.jpg,640,640,mug,10,4,610,640

01FKNVFW1Y2FB353N8YHAYCPT1_jpeg_jpg.rf.27b94e5e9ecd43b5e400dbeb74bba404.jpg,640,640,mug,179,147,547,521
01FKNVHKWR5Z8NCHCEW4QDASN0_jpeg_jpg.rf.286d4c6a2bcad218c4e746def9befa77.jpg,640,640,mug,26,126,542,513


01FKNVEN1Z37DQSPQY4F0HECS9_jpeg_jpg.rf.246a65bcec9fc57511aed851d6113270.jpg,640,640,mug,63,115,548,558

01FKNVG0AZPXXANQRZPYK8Z468_jpeg_jpg.rf.2c04be5d1fba91e35a6d03c602066654.jpg,640,640,mug,159,130,540,434

01FKNVCGZZHV6R8W803DRASFW3_jpeg_jpg.rf.2bcff948637471f86b17de324d48a81c.jpg,640,640,mug,77,315,320,475
01FKNVCGZZHV6R8W803DRASFW3_jpeg_jpg.rf.2bcff948637471f86b17de324d48a81c.jpg,640,640,mug,318,314,569,474


01FKNVEE5VK49ZXTHQZ8FH4KSV_jpeg_jpg.rf.2ca6768ccd6847b50e8757cb51d11e92.jpg,640,640,mug,1,6,634,632
01FKNVG7HY19EKS9CD28ASRRB0_jpeg_jpg.rf.2c5dc2d67a2bcb97748e08b6ca819d62.jpg,640,640,mug,101,92,594,520
01FKNVDE311YSWPH97MT99WJEH_jpeg_jpg.rf.27bf842345f4df324a0c39bcff48bb20.jpg,640,640,mug,102,122,634,604



01FKNVDBJA1A9WDVAT5HASRPSQ_jpeg_jpg.rf.300d12da98f518e1c11e01a4c8d02f2d.jpg,640,640,mug,189,98,489,247
01FKNVDBJA1A9WDVAT5HASRPSQ_jpeg_jpg.rf.300d12da98f518e1c11e01a4c8d02f2d.jpg,640,640,mug,147,254,465,404
01FKNVDBJA1A9WDVAT5HASRPSQ_jpeg_jpg.rf.300d12da98f518e1c11e01a4c8d02f2d.jpg,640,640,mug,86,404,440,579
01FKNVG13252G5TTVBHJVHBN1D_jpeg_jpg.rf.2ea526bd67728ae15f8e272e73910780.jpg,640,640,mug,0,0,640,639
01FKNVEF8QMM0MKX1Q2VSG0V2M_jpeg_jpg.rf.2dd7684a27ce43ccb3019ca16894deb2.jpg,640,640,mug,21,2,608,638

01FKNVFF7X7CP3J6PTXY2RKVKS_jpeg_jpg.rf.2d7c284eea4a9953e4df81cb12dfd0c0.jpg,640,640,mug,27,164,587,568


01FKNVFWT4D51QETSGRV8KC6VP_jpeg_jpg.rf.30e90aeb73a3cc97fecc09a789659d4c.jpg,640,640,mug,237,2,452,450
01FKNVFWT4D51QETSGRV8KC6VP_jpeg_jpg.rf.30e90aeb73a3cc97fecc09a789659d4c.jpg,640,640,mug,217,360,410,632
01FKNVF9H070DH76865R2QRAB4_jpeg_jpg.rf.2fa86fb32223ec763d1b1f72e67fe12e.jpg,640,640,mug,132,20,505,586
01FKNVCV29JG8RRQCPEJSX3HP4_jpeg_jpg.rf.2f9450db20763a35f6758d0b47472cc6.jpg,640,640,mug,222,75,394,382
01FKNVCV29JG8RRQCPEJSX3HP4_jpeg_jpg.rf.2f9450db20763a35f6758d0b47472cc6.jpg,640,640,mug,391,228,606,555
01FKNVCQQ2EX34EMYCE2WY4AEC_jpeg_jpg.rf.31323014fd39c3a50f43f2348e338090.jpg,640,640,mug,10,63,601,562


01FKNVFP0WDJ1XHCHDDCZFE9E7_jpeg_jpg.rf.2b28e7e9e4d5c66d4a552dafe5234028.jpg,640,640,mug,69,53,587,579

01FKNVE1HSR10B3SB9VAW6YRKW_jpeg_jpg.rf.0b40379492b1549b9baa89d8e60c211d.jpg,640,640,mug,107,71,593,574
01FKNVEQ7FCRNDCY4R9SK2DK87_jpeg_jpg.rf.2ff5a117df4b501abb81afa9d6965961.jpg,640,640,mug,24,32,626,613
01FKNVGHZZQ3AKAE8HFKXKRGBH_jpeg_jpg.rf.319b37cf4ca2a9dfcbb3f25e2840ef7f.jpg,640,640,mug,162,257,565,559
01FKNVKMWQ3TVP1XR76SRW4Y8S_jpeg_jpg.rf.3244f32b3eb449d785c71c9e15245023.jpg,640,640,mug,11,97,524,573



01FKNVJ6ZT1K474C98MHN0PG3R_jpeg_jpg.rf.33c9181a46af77503ef3551cda8c26af.jpg,640,640,mug,45,173,577,593

01FKNVD1074E4NNPJRPKY8P90Q_jpeg_jpg.rf.30ec1fcd64e38fbda4e836aba8cffc4d.jpg,640,640,mug,24,66,574,614

01FKNVFF7X7CP3J6PTXY2RKVKS_jpeg_jpg.rf.32ea98cf52d89fe96b1086634ddc2633.jpg,640,640,mug,27,174,582,567
01FKNVG0AZPXXANQRZPYK8Z468_jpeg_jpg.rf.37df640cca90fd2db59dc223239f9859.jpg,640,640,mug,135,166,434,539
01FKNVEKMFBVA4X0FSE4K7GAW3_jpeg_jpg.rf.384d17de3db2d9d465f4780477d771db.jpg,640,640,mug,22,60,635,543

01FKNVDP7N7JNP4J12DXF5SPJV_jpeg_jpg.rf.38939ae699bf5ede13a5dc35cab2efc9.jpg,640,640,mug,51,49,606,606
01FKNVFXG2VJ4GQTG98RF5JA17_jpeg_jpg.rf.37363d3106b421640b6276b7614c9843.jpg,640,640,mug,63,134,527,527
01FKNVKA41SQP0NFM72AXKYQ7X_jpeg_jpg.rf.379cb56f178b741484fe4f302f6e2529.jpg,640,640,mug,27,18,585,616
01FKNVFG1CCB4XGS5R04SA43YW_jpeg_jpg.rf.3667881c87451e9db22268ed23670e08.jpg,640,640,mug,55,129,512,554
01FKNVF4B9JGWZ6Q15T8CK9QJ5_jpeg_jpg.rf.37686a41cb94eee134a42b70cfd27517.jpg,640,640,mug,23,75,623,567
01FKNVE1HSR10B3SB9VAW6YRKW_jpeg_jpg.rf.341039d539f72735983fa4bbef6ebf06.jpg,640,640,mug,67,97,576,589
01FKNVDJJ4KK526B321FDQJNPR_png_jpg.rf.3843036b1cb3044374e4dcbd220ec1e1.jpg,640,640,mug,129,278,478,576


01FKNVE2BBW4ZDSA9RRY5EYZXV_jpeg_jpg.rf.33c69e78963e085c6a1ced8f1668a367.jpg,640,640,mug,80,42,591,589
01FKNVG39DDYN27RTW875ME9HK_jpeg_jpg.rf.3ad2541b7e0b52a74476bf5f4a76cb99.jpg,640,640,mug,26,160,551,462

01FKNVKNMQ9KW8ZHRMECKA3MVC_jpeg_jpg.rf.33a680ca26a9c92b091107dc6c5c45b8.jpg,640,640,mug,143,128,607,587
01FKNVH7B524PMFAGZBWNGEZS9_jpeg_jpg.rf.38a3e34ee5d9302ea52fc16da7366782.jpg,640,640,mug,135,138,502,494

01FKNVDWNQQJCDRF76AS4VK94J_jpeg_jpg.rf.39c9a9a246e32541d7771cfac128af8c.jpg,640,640,mug,37,22,625,608
01FKNVHR0WDFV6ME280W186QM2_jpeg_jpg.rf.39ab035cfac0471bc49a544038501604.jpg,640,640,mug,35,150,585,517


01FKNVFSVM6QEF8G7ZFCT0VA77_jpeg_jpg.rf.3b281c0c01a34e0cfcec12f991e0d7e7.jpg,640,640,mug,167,121,461,487
01FKNVEBRZB2X3821DPQ13B185_jpeg_jpg.rf.3934730f56797d654338e917941f4cd4.jpg,640,640,mug,36,41,635,599
01FKNVKA41SQP0NFM72AXKYQ7X_jpeg_jpg.rf.3c37321ded90690936997950f03ace62.jpg,640,640,mug,11,31,569,627
01FKNVDWNQQJCDRF76AS4VK94J_jpeg_jpg.rf.3cf9b39e381d51774be5b8190f25957d.jpg,640,640,mug,37,11,612,601
01FKNVFK34VH969NPCGN99FX6C_jpeg_jpg.rf.3c498ae121f3cdeaa7c2d1cde61ff173.jpg,640,640,mug,30,118,533,554
01FKNVFAZZGVCK8F21X48TMJE7_jpeg_jpg.rf.38ba1f421d58aea90b0faf89eabe12d4.jpg,640,640,mug,11,71,594,601

01FKNVEPE4NVAXK9Q4H3FEPK3F_jpeg_jpg.rf.3d5cd22b287c661f56993f4f2a6a39f8.jpg,640,640,mug,57,81,549,549
01FKNVFD6RX2WFAZYJ6FR2Y0PQ_jpeg_jpg.rf.411c3f3ee5d5093cc1063b86b598e08d.jpg,640,640,mug,314,251,629,582
01FKNVFD6RX2WFAZYJ6FR2Y0PQ_jpeg_jpg.rf.411c3f3ee5d5093cc1063b86b598e08d.jpg,640,640,mug,12,209,330,542
01FKNVFD6RX2WFAZYJ6FR2Y0PQ_jpeg_jpg.rf.411c3f3ee5d5093cc1063b86b598e08d.jpg,640,640,mug,170,54,488,388




01FKNVKGDBY8G6DFE9H0HEY2VW_jpeg_jpg.rf.400c033ad951be44d041d8360a11c4bf.jpg,640,640,mug,95,46,565,613



01FKNVEHJP4ZG3DWQEE3MNNG60_jpeg_jpg.rf.3ba8c1e54400ede23cdc0b977934eb0a.jpg,640,640,mug,19,73,605,574

01FKNVFF7X7CP3J6PTXY2RKVKS_jpeg_jpg.rf.3ec4a2446e4ad7d8ae52a97bcb9501af.jpg,640,640,mug,58,174,613,567


01FKNVKV2KD8A4DWRNMQ8SD0JS_jpeg_jpg.rf.44fed85e23474f7bddce8c22a34f5f8a.jpg,640,640,mug,26,90,616,546

01FKNVH9HS2S4DTVZ55NQT69TJ_jpeg_jpg.rf.450b8fc6aa9f43e981d2c7a500c5c962.jpg,640,640,mug,242,195,392,486
01FKNVH9HS2S4DTVZ55NQT69TJ_jpeg_jpg.rf.450b8fc6aa9f43e981d2c7a500c5c962.jpg,640,640,mug,64,221,236,551
01FKNVH9HS2S4DTVZ55NQT69TJ_jpeg_jpg.rf.450b8fc6aa9f43e981d2c7a500c5c962.jpg,640,640,mug,393,167,532,458
01FKNVENQ8WZAD9VZF1MGKV7QV_jpeg_jpg.rf.45292a96d9be6e58fc2b0b8fec338f8d.jpg,640,640,mug,61,36,545,552

01FKNVG13252G5TTVBHJVHBN1D_jpeg_jpg.rf.422b6c921a7e337e8c84e432a09d56b0.jpg,640,640,mug,0,5,640,640


01FKNVDCGK5QHP7JTQJKYWPRW5_jpeg_jpg.rf.41aed373c39cf14f35752598ceb803e4.jpg,640,640,mug,176,89,481,586
01FKNVFZM032Z2NVSTC81PGREY_jpeg_jpg.rf.47472c3be6899db02993a37185097eab.jpg,640,640,mug,0,95,640,543

01FKNVF76HBTJ256E87HGNVBW7_jpeg_jpg.rf.4a2fe152cc4cdf0749a694e7edfa7924.jpg,640,640,mug,85,7,565,526
01FKNVDVKJGGGJJFNX0GTV0SR4_jpeg_jpg.rf.4b7940ef4968bcf2d8aff9f13b2bdc1c.jpg,640,640,mug,63,87,490,554
01FKNVF8QN8NHRJCNKQTQHMVN6_jpeg_jpg.rf.4668aecabe92c79f0ff4cfc07e9c0972.jpg,640,640,mug,38,22,609,593
01FKNVFJAH4GH9ZD495RKXAX0V_jpeg_jpg.rf.4391211e38c2a98d2af180e9d4899ed0.jpg,640,640,mug,98,68,640,588
01FKNVH5R1QHSXY3XV4NNFCW4W_jpeg_jpg.rf.4a5f45f786b8c8a8e25275d449253a16.jpg,640,640,mug,63,118,502,526
01FKNVECFNCGGXQ3RHC2JPFAM2_jpeg_jpg.rf.4adc31d0867052e7c36b6cc16743853a.jpg,640,640,mug,69,23,592,635
01FKNVEXVFGMRHXJJEQBKN2GD4_jpeg_jpg.rf.4f48398dac4691877d704cf846d95765.jpg,640,640,mug,132,78,496,492
01FKNVDWNQQJCDRF76AS4VK94J_jpeg_jpg.rf.4d871958c67acc90e2ecfbc9376b2e97.jpg,640,640,mug,45,51,622,614

01FKNVFYWSH5HP3GVB6PBVSEJD_jpeg_jpg.rf.4cdf7ef538c81138a44ffabdc408863f.jpg,640,640,mug,72,81,573,608

01FKNVFN8QBFCHYH3YTDD99XP0_jpeg_jpg.rf.46fc70720fd04b9f3f01bdbc43350fdf.jpg,640,640,mug,29,31,591,599
01FKNVFGTBVKDKQ2Q1XXKSFNHV_jpeg_jpg.rf.438c672d49f88fd4f2f0f2112e6edb97.jpg,640,640,mug,90,268,547,561
01FKNVG7HY19EKS9CD28ASRRB0_jpeg_jpg.rf.4e0216e6176348bb4362c3074967b77b.jpg,640,640,mug,46,92,539,520

01FKNVDTD83SX7VQ8871WS3TH3_jpeg_jpg.rf.497d0733d2a485a29f01a431d3425226.jpg,640,640,mug,68,50,615,506
01FKNVCBNYKEHP1QZQXVP3DX03_jpeg_jpg.rf.4d113ac7cba445f576f195e29d969f18.jpg,640,640,mug,0,54,603,399
01FKNVCBNYKEHP1QZQXVP3DX03_jpeg_jpg.rf.4d113ac7cba445f576f195e29d969f18.jpg,640,640,mug,144,294,639,619
01FKNVKC025KRHRNA99C5VN1WC_jpeg_jpg.rf.491ae827323758ccdc13a4e0283362be.jpg,640,640,mug,88,165,502,500

01FKNVKB2FN7PKCS2PADA84P14_jpeg_jpg.rf.4bb51228054c164573eac0d802fb8ff9.jpg,640,640,mug,39,111,630,527
01FKNVFXG2VJ4GQTG98RF5JA17_jpeg_jpg.rf.50620ff5edd00872840dc2b95f97c284.jpg,640,640,mug,113,134,577,527

01FKNVCEWZNN5VY8SYPY6D94A1_jpeg_jpg.rf.504cf0c5b2d9153b4ad9da5fdf8f7a29.jpg,640,640,mug,132,100,527,557
01FKNVCM5NDDZQT812MHF60NQQ_jpeg_jpg.rf.50b79767fc94657533e908630ada07da.jpg,640,640,mug,0,135,599,501

01FKNVFRBFCHEQVMM8N7E20WNJ_jpeg_jpg.rf.536fc31dc18ddae66610296cae360261.jpg,640,640,mug,58,144,403,564
01FKNVCBNYKEHP1QZQXVP3DX03_jpeg_jpg.rf.4f1401d1f7bf1e41515ebed708781209.jpg,640,640,mug,173,6,640,330
01FKNVCBNYKEHP1QZQXVP3DX03_jpeg_jpg.rf.4f1401d1f7bf1e41515ebed708781209.jpg,640,640,mug,0,228,585,626

01FKNVFE6HVKF48WJGT5YZGH5G_jpeg_jpg.rf.513d7dce582d7f573090b1cd87739631.jpg,640,640,mug,45,53,558,620

01FKNVEBRZB2X3821DPQ13B185_jpeg_jpg.rf.50b439e1ddb9817e9c5b830801d721ac.jpg,640,640,mug,43,13,585,605

01FKNVKDQFYM1DZ2PWHVB1JN7E_jpeg_jpg.rf.58f805de327d46482f8dcaf3c7b88ef3.jpg,640,640,mug,23,67,589,590
01FKNVKRSNDMKMR9FGVXTDHZPA_jpeg_jpg.rf.5d8d862d7dbeec116cdbae25284f59fe.jpg,640,640,mug,40,17,598,629
01FKNVKA41SQP0NFM72AXKYQ7X_jpeg_jpg.rf.58c8db7fccfe0fe07632cbb19182975d.jpg,640,640,mug,20,20,616,613

01FKNVCXE42XAH3C7P75XZXW8A_jpeg_jpg.rf.5b9cc711b2766bb10446958dd09b200f.jpg,640,640,mug,48,95,460,533

01FKNVG929W3QXDF22XEW2RB31_jpeg_jpg.rf.5be2b4bfd7f783b749b857a8622961a6.jpg,640,640,mug,140,138,512,500

01FKNVM05VK44A6HGZS9M0TFG2_jpeg_jpg.rf.5ccd52e2f13ce3a5d049b2465f6c5366.jpg,640,640,mug,34,59,595,523
01FKNVKMWQ3TVP1XR76SRW4Y8S_jpeg_jpg.rf.56f4018f3851b945a68a54048e6c403e.jpg,640,640,mug,116,97,629,573
01FKNVGAJAZ0RQP246AW6S8N36_jpeg_jpg.rf.5ccf4637a2e3257ee2a5ad4f1d358a51.jpg,640,640,mug,48,140,303,492
01FKNVGAJAZ0RQP246AW6S8N36_jpeg_jpg.rf.5ccf4637a2e3257ee2a5ad4f1d358a51.jpg,640,640,mug,335,139,640,493

01FKNVC5AMWM7XDQ8MMD0VZS8K_jpeg_jpg.rf.5807d5ce001b7cc60820b696a86bb3c2.jpg,640,640,mug,59,18,575,626
01FKNVFRBFCHEQVMM8N7E20WNJ_jpeg_jpg.rf.5b9e47a7381d523148da9ddf0dbb944e.jpg,640,640,mug,140,245,545,585
01FKNVDQQ1VJSPN2HB0NE7RR2Y_jpeg_jpg.rf.568d88682769ec6d9ab764b409f17a07.jpg,640,640,mug,112,169,440,537
01FKNVEZ9TPFGYKKAMTF18PZ5B_jpeg_jpg.rf.586ae13600b35325190606430dbdca5d.jpg,640,640,mug,62,54,562,493
01FKNVDJJ4KK526B321FDQJNPR_png_jpg.rf.60d33e221f749f5daccfe9b7aae5b023.jpg,640,640,mug,274,162,576,515
01FKNVKT3XJCEHTR84HT2M5840_jpeg_jpg.rf.5d24cb2dea4378e14ba8697cc6bc69ea.jpg,640,640,mug,152,121,461,534
01FKNVFG1CCB4XGS5R04SA43YW_jpeg_jpg.rf.5a29b461ee7f9d22ce0187f7878f49e7.jpg,640,640,mug,75,102,503,598
01FKNVFA8SWNGK69RGQ8SK1YHS_jpeg_jpg.rf.5bc9a3c0b34244058326272b403af1c1.jpg,640,640,mug,128,58,596,593

01FKNVJBEYJCHRSV8J78ESVK0K_jpeg_jpg.rf.5fca360777672a623f1397d728e58afa.jpg,640,640,mug,25,74,612,564
01FKNVE1HSR10B3SB9VAW6YRKW_jpeg_jpg.rf.6021bce177c8525b496d3c1d8f07df7f.jpg,640,640,mug,64,97,573,589
01FKNVDBJA1A9WDVAT5HASRPSQ_jpeg_jpg.rf.615048d8b966176ab997dfabb14a1fff.jpg,640,640,mug,99,156,250,447
01FKNVDBJA1A9WDVAT5HASRPSQ_jpeg_jpg.rf.615048d8b966176ab997dfabb14a1fff.jpg,640,640,mug,244,180,404,494
01FKNVDBJA1A9WDVAT5HASRPSQ_jpeg_jpg.rf.615048d8b966176ab997dfabb14a1fff.jpg,640,640,mug,392,206,579,561
01FKNVFHMBSXC5KAGZSR07VC9J_jpeg_jpg.rf.5966395be633d88839343f6070c5d2ea.jpg,640,640,mug,92,152,496,577
01FKNVEWAZ9RZNW1V8TNRA7TVY_jpeg_jpg.rf.6512259e182ad86f7e5957668d39b787.jpg,640,640,mug,248,1,549,204
01FKNVEWAZ9RZNW1V8TNRA7TVY_jpeg_jpg.rf.6512259e182ad86f7e5957668d39b787.jpg,640,640,mug,134,146,496,389
01FKNVEWAZ9RZNW1V8TNRA7TVY_jpeg_jpg.rf.6512259e182ad86f7e5957668d39b787.jpg,640,640,mug,0,288,435,640

01FKNVD2P8FD0NJR5QXA0QRQ43_jpeg_jpg.rf.6441a57df1ebc637956f3b64ac5d8303.jpg,640,640,mug,347,143,584,461
01FKNVD2P8FD0NJR5QXA0QRQ43_jpeg_jpg.rf.6441a57df1ebc637956f3b64ac5d8303.jpg,640,640,mug,56,195,323,467
01FKNVFN8QBFCHYH3YTDD99XP0_jpeg_jpg.rf.5d72bcff742e408b3ce5291ef3234735.jpg,640,640,mug,33,24,609,613

01FKNVFYWSH5HP3GVB6PBVSEJD_jpeg_jpg.rf.62e459284ea25db884fd84d027d05d6c.jpg,640,640,mug,78,75,560,602
01FKNVM5G9C3J44SKP2DGB668B_png_jpg.rf.58b727f1ed5873c919fd9787581bf997.jpg,640,640,mug,130,112,597,551
01FKNVDBJA1A9WDVAT5HASRPSQ_jpeg_jpg.rf.633b79b929f626461d7ab7700d597279.jpg,640,640,mug,390,156,541,447
01FKNVDBJA1A9WDVAT5HASRPSQ_jpeg_jpg.rf.633b79b929f626461d7ab7700d597279.jpg,640,640,mug,236,180,396,494
01FKNVDBJA1A9WDVAT5HASRPSQ_jpeg_jpg.rf.633b79b929f626461d7ab7700d597279.jpg,640,640,mug,61,206,248,561
01FKNVFAZZGVCK8F21X48TMJE7_jpeg_jpg.rf.5c11e8cf9388fa9c0f8390ddead243c7.jpg,640,640,mug,47,71,630,601
01FKNVM3WGMJ7M0NYA5Z99DMCQ_png_jpg.rf.65f456ccd2ea21f8711ffe53f7e6a372.jpg,640,640,mug,68,57,636,583
01FKNVFPR4RW88WAHSDP0V33Q8_jpeg_jpg.rf.67ad26e3daeaa3903d99ebad8c2f51db.jpg,640,640,mug,375,60,640,305
01FKNVFPR4RW88WAHSDP0V33Q8_jpeg_jpg.rf.67ad26e3daeaa3903d99ebad8c2f51db.jpg,640,640,mug,196,191,456,423
01FKNVFPR4RW88WAHSDP0V33Q8_jpeg_jpg.rf.67ad26e3daeaa3903d99ebad8c2f51db.jpg,640,640,mug,0,308,259,534
01FKNVDWNQQJCDRF76AS4VK94J_jpeg_jpg.rf.64b545b72012d26c73c9a05c4051342b.jpg,640,640,mug,18,51,595,614




01FKNVFY6E8H34E35CHEYKQ1TP_jpeg_jpg.rf.67c877a462320ffabdc5a2b32ed007ec.jpg,640,640,mug,49,49,616,388
01FKNVFY6E8H34E35CHEYKQ1TP_jpeg_jpg.rf.67c877a462320ffabdc5a2b32ed007ec.jpg,640,640,mug,5,419,582,640
01FKNVEN1Z37DQSPQY4F0HECS9_jpeg_jpg.rf.68a9f1fa5ae97d935f4dfa629f628aed.jpg,640,640,mug,92,115,577,558



01FKNVK0R0Y40M60J06AVGB36W_jpeg_jpg.rf.663f20a9557cf6a3fcb9e6c9495cfd1c.jpg,640,640,mug,155,134,554,514
01FKNVG1TK5F13X8F3YKPTMEJJ_jpeg_jpg.rf.65f96547dcee35c9304458ec3fc73b6f.jpg,640,640,mug,31,1,619,619
01FKNVFTKCX1QZ50RMJMHR0VHW_jpeg_jpg.rf.6915bb14d377e65e8f647aef230de09b.jpg,640,640,mug,160,163,560,492

01FKNVEHJP4ZG3DWQEE3MNNG60_jpeg_jpg.rf.6eda3357a61d4b3a3177fa5e218db564.jpg,640,640,mug,35,73,621,574
01FKNVCV29JG8RRQCPEJSX3HP4_jpeg_jpg.rf.6e0691fd38c1e6358908c0070d34a0d3.jpg,640,640,mug,61,42,434,257
01FKNVCV29JG8RRQCPEJSX3HP4_jpeg_jpg.rf.6e0691fd38c1e6358908c0070d34a0d3.jpg,640,640,mug,261,257,565,416
01FKNVK1GX68M7W514QNABRY5V_jpeg_jpg.rf.6958627e88671f5e0ffb1c75dfc5698b.jpg,640,640,mug,39,45,541,604
01FKNVFE6HVKF48WJGT5YZGH5G_jpeg_jpg.rf.6b07ef521c745b872d726b12fbf9d178.jpg,640,640,mug,42,93,631,602
01FKNVEG2EY03XJY0R0E0RX34R_jpeg_jpg.rf.6d4a069275501f0b80321da192a77cee.jpg,640,640,mug,111,37,497,558



01FKNVC701KVE56FWDVTZPM9Q1_jpeg_jpg.rf.739451be63c1228a9179c914765d3bc8.jpg,640,640,mug,95,160,497,454
01FKNVKXHRE43X84NJAEC4496Q_jpeg_jpg.rf.7332a9d9703a163e3452313a80518977.jpg,640,640,mug,133,32,585,590



01FKNVERNKBEVFASBBW4NNKMKR_jpeg_jpg.rf.6f8e44b8661e53e955ec0877331a35fd.jpg,640,640,mug,159,89,477,550



01FKNVFY6E8H34E35CHEYKQ1TP_jpeg_jpg.rf.736524840a300f9c39894dd41234a0e8.jpg,640,640,mug,0,41,218,640
01FKNVFY6E8H34E35CHEYKQ1TP_jpeg_jpg.rf.736524840a300f9c39894dd41234a0e8.jpg,640,640,mug,263,23,606,596

01FKNVC701KVE56FWDVTZPM9Q1_jpeg_jpg.rf.7088c0d6a557841eb622f3b826b75ea9.jpg,640,640,mug,143,160,545,454


01FKNVFRBFCHEQVMM8N7E20WNJ_jpeg_jpg.rf.766bfb45f779422af59a551505299aa7.jpg,640,640,mug,49,95,413,499
01FKNVFY6E8H34E35CHEYKQ1TP_jpeg_jpg.rf.74f2f9044b8a719c1d7cd395852bc46c.jpg,640,640,mug,422,41,640,640
01FKNVFY6E8H34E35CHEYKQ1TP_jpeg_jpg.rf.74f2f9044b8a719c1d7cd395852bc46c.jpg,640,640,mug,34,23,377,596



01FKNVCSPFPSF16P22VJRX9KQ6_jpeg_jpg.rf.77e4687d7e5cd265845e40656e559318.jpg,640,640,mug,78,100,530,607
01FKNVHY037QA5NEWEN9YGGM5G_jpeg_jpg.rf.7b9a72b63975f288eb6d2d7e3034770c.jpg,640,640,mug,53,113,622,526

01FKNVF2WRNETR9NYFJVNYASPQ_jpeg_jpg.rf.79a83e94fd771efea60808c71892a2e5.jpg,640,640,mug,58,28,638,600
01FKNVE2BBW4ZDSA9RRY5EYZXV_jpeg_jpg.rf.7af57a99e288204b7badcecbbaf68de6.jpg,640,640,mug,49,42,560,589
01FKNVJD131QNXREZZ6BGDANA5_jpeg_jpg.rf.7c176774c176841e53548c9ec5a61e47.jpg,640,640,mug,102,83,455,611


01FKNVGJSEVQAREF92XSAS4T3F_jpeg_jpg.rf.7a51952945e353c8cdf0aee916208461.jpg,640,640,mug,282,187,621,460
01FKNVGJSEVQAREF92XSAS4T3F_jpeg_jpg.rf.7a51952945e353c8cdf0aee916208461.jpg,640,640,mug,14,122,353,399
01FKNVCBNYKEHP1QZQXVP3DX03_jpeg_jpg.rf.7b4a3ff865acf606038dddf891667ad5.jpg,640,640,mug,37,54,640,399
01FKNVCBNYKEHP1QZQXVP3DX03_jpeg_jpg.rf.7b4a3ff865acf606038dddf891667ad5.jpg,640,640,mug,1,294,496,619
01FKNVC5AMWM7XDQ8MMD0VZS8K_jpeg_jpg.rf.7e8e4aba71c9f9eff063c45a7e75757c.jpg,640,640,mug,66,18,582,626

01FKNVETV0Q1W2ZN5AVMYVZ235_jpeg_jpg.rf.7cda6e4baba9d7182f2ef3448aba4c05.jpg,640,640,mug,36,44,619,595

01FKNVDGD13FH699TB2QAX95VE_png_jpg.rf.7735dd32974b5430da1974a28e338516.jpg,640,640,mug,103,13,579,570

01FKNVCM5NDDZQT812MHF60NQQ_jpeg_jpg.rf.81505c000a9c470006676aba8a2fdf84.jpg,640,640,mug,41,135,640,501


01FKNVEBRZB2X3821DPQ13B185_jpeg_jpg.rf.7cbdb7a099e16da9680419d3ca69316e.jpg,640,640,mug,55,13,597,605
01FKNVG929W3QXDF22XEW2RB31_jpeg_jpg.rf.7ff18bd3ef12281b18c5b95e2ea683ff.jpg,640,640,mug,128,138,500,500
01FKNVD70DNA024DBQ5SJ9GRFQ_jpeg_jpg.rf.82c6bc2bd586d7fdd1fc774846b5c8ba.jpg,640,640,mug,42,145,524,539
01FKNVHQ1WFW0QD8G9KX94YCNY_jpeg_jpg.rf.81f14b5dd80811e498a97b293cf030b6.jpg,640,640,mug,216,147,493,499


01FKNVG3ZTVRQMC2HHKVE99H2N_jpeg_jpg.rf.8149b6e2bc6195514c188107e49e3a08.jpg,640,640,mug,94,99,576,532
01FKNVFW1Y2FB353N8YHAYCPT1_jpeg_jpg.rf.863e321a8d98145da494ed6ac4d301b4.jpg,640,640,mug,94,147,462,521

01FKNVG6TT0FJ42KD2XQVV7K7D_jpeg_jpg.rf.8955fad6d98f93c6e35d7a35fbff6981.jpg,640,640,mug,1,2,637,637





01FKNVG39DDYN27RTW875ME9HK_jpeg_jpg.rf.87bc5007f3d9c157cc1e222ac413ae97.jpg,640,640,mug,90,160,615,462

01FKNVE4KDQBTCAN276PP8TJB7_jpeg_jpg.rf.8ac310db782d8150d0ca35cd324e17af.jpg,640,640,mug,26,51,609,592
01FKNVESDPDZCDKA05BRWR1D4P_jpeg_jpg.rf.89e300da512fbcfdafb6c0c1ea449ba9.jpg,640,640,mug,22,115,617,570
01FKNVKEN1C2Z0D8S432JYHKR7_jpeg_jpg.rf.8a47efb744e228ebe67d4153c436cfc3.jpg,640,640,mug,147,120,509,505


01FKNVF2WRNETR9NYFJVNYASPQ_jpeg_jpg.rf.858a675efac6f0a43e28ebd25ce3cf1e.jpg,640,640,mug,21,57,599,640


01FKNVEG2EY03XJY0R0E0RX34R_jpeg_jpg.rf.838880231f475204885d6d87872bbcc3.jpg,640,640,mug,90,120,592,539
01FKNVHR0WDFV6ME280W186QM2_jpeg_jpg.rf.8b5cf030767d98257257bb875bf6fc1e.jpg,640,640,mug,55,150,605,517
01FKNVCG3CPZ5Z8W4ABS873SN6_jpeg_jpg.rf.8ae9d91467b32076915601a173dee78f.jpg,640,640,mug,117,82,510,561

01FKNVK80ZR9QSZREDRDS7SJ4E_png_jpg.rf.8c45d38dae8cbf774b6440c2a93012fe.jpg,640,640,mug,17,49,616,591

01FKNVCATXAAYEHSHYREADWW2W_jpeg_jpg.rf.8c2576928a1537585d02c73783f51a89.jpg,640,640,mug,56,82,548,548
01FKNVEXVFGMRHXJJEQBKN2GD4_jpeg_jpg.rf.8bf839923b3c2e7a7676ee94796e711c.jpg,640,640,mug,146,155,566,502
01FKNVFG1CCB4XGS5R04SA43YW_jpeg_jpg.rf.8d6b78ee40255f5fc6fb4e8b3f77bcd0.jpg,640,640,mug,128,129,585,554

01FKNVDJJ4KK526B321FDQJNPR_png_jpg.rf.8e76b6a15eb3b0cc39d8f373f997e9b0.jpg,640,640,mug,162,278,511,576

01FKNVET4HJV9BBB8AZKKG4D4H_jpeg_jpg.rf.83a3e9e589e18d764ec2b033dd6b64bb.jpg,640,640,mug,72,113,568,578
01FKNVEGTDQD19CB0YGFDBXYBX_jpeg_jpg.rf.90a2da36d4dc21eea901633aba3a9d79.jpg,640,640,mug,4,5,640,624
01FKNVC9MZ0PWNXAFFFBBMW5GF_jpeg_jpg.rf.8c812e577aba4c6d195f24b72167f065.jpg,640,640,mug,90,151,446,427



01FKNVEZZTFNRD5BPA613QWHCM_jpeg_jpg.rf.8efe3b41d8379dc2262d300bf0dbde24.jpg,640,640,mug,127,193,584,574
01FKNVFVB0DGDMTJSG6VN5SYXJ_jpeg_jpg.rf.949d74e539f1728a44fb2c8ba43a0da9.jpg,640,640,mug,180,113,526,522
01FKNVCSPFPSF16P22VJRX9KQ6_jpeg_jpg.rf.900351691be16f299056c53d4077095b.jpg,640,640,mug,85,35,549,610
01FKNVDE311YSWPH97MT99WJEH_jpeg_jpg.rf.90cd4ab48a43a6f2f2056ed3eb27b97c.jpg,640,640,mug,6,122,538,604
01FKNVKZCTP7CMGQTTNSRKK5V5_jpeg_jpg.rf.94ec4461c35e959b169540f969ad7981.jpg,640,640,mug,30,99,620,579


01FKNVKV2KD8A4DWRNMQ8SD0JS_jpeg_jpg.rf.96192c1dd4924f65af0290032f5153fe.jpg,640,640,mug,79,26,542,608
01FKNVCM5NDDZQT812MHF60NQQ_jpeg_jpg.rf.936df53c71752cc040d4439122715fbb.jpg,640,640,mug,128,49,503,640



01FKNVE70V252H63WNXFEH68NS_jpeg_jpg.rf.965366464bfd92e593e026089fb06f9e.jpg,640,640,mug,86,144,543,592

01FKNVK2S7EJGQ81XD74Z9CVPT_jpeg_jpg.rf.9a644bbe59004de62e3cdd53f6af88ef.jpg,640,640,mug,69,50,504,599
01FKNVFP0WDJ1XHCHDDCZFE9E7_jpeg_jpg.rf.97adcd05908c3b9055edc9b9fdf71670.jpg,640,640,mug,53,53,571,579
01FKNVCG3CPZ5Z8W4ABS873SN6_jpeg_jpg.rf.8ef96dc4c548a03a7f1ff5c01f741e38.jpg,640,640,mug,54,162,588,478
01FKNVEWAZ9RZNW1V8TNRA7TVY_jpeg_jpg.rf.96b2d7de7bc2d84a1b9c3dfa64d0a688.jpg,640,640,mug,91,1,392,204
01FKNVEWAZ9RZNW1V8TNRA7TVY_jpeg_jpg.rf.96b2d7de7bc2d84a1b9c3dfa64d0a688.jpg,640,640,mug,144,146,506,389
01FKNVEWAZ9RZNW1V8TNRA7TVY_jpeg_jpg.rf.96b2d7de7bc2d84a1b9c3dfa64d0a688.jpg,640,640,mug,205,288,640,640
01FKNVCXE42XAH3C7P75XZXW8A_jpeg_jpg.rf.9ab6ba16b4ce2550c5a2b0b4ab8cc916.jpg,640,640,mug,220,142,567,561


01FKNVFZM032Z2NVSTC81PGREY_jpeg_jpg.rf.9e1300d174fc84d23d16563aa2a6c54b.jpg,640,640,mug,0,95,640,543
01FKNVKPQP2ARPPYGD77V6ESTH_jpeg_jpg.rf.9a6a016e1647a4212a6c5544f596cfa5.jpg,640,640,mug,71,116,583,616
01FKNVKCQTGV6FYYF3W1JB996Y_jpeg_jpg.rf.9c626e866da54f9842396e4fa2fb2dd1.jpg,640,640,mug,167,74,524,568
01FKNVM05VK44A6HGZS9M0TFG2_jpeg_jpg.rf.98e9f9f94f49e1af57c1726bf6d57a0c.jpg,640,640,mug,45,59,606,523
01FKNVKV2KD8A4DWRNMQ8SD0JS_jpeg_jpg.rf.9c8a43bd124ddfaecabaf6f65b205d91.jpg,640,640,mug,98,26,561,608

01FKNVFRBFCHEQVMM8N7E20WNJ_jpeg_jpg.rf.9bc268481f1e6e0ea550701bae90a698.jpg,640,640,mug,238,144,583,564
01FKNVF4B9JGWZ6Q15T8CK9QJ5_jpeg_jpg.rf.9f633aede96154ffbe7010371b482b95.jpg,640,640,mug,17,75,617,567
01FKNVFXG2VJ4GQTG98RF5JA17_jpeg_jpg.rf.98585adb389ac9498fb8627ce79f9027.jpg,640,640,mug,120,115,530,604
01FKNVFRBFCHEQVMM8N7E20WNJ_jpeg_jpg.rf.95cf6212c2c63ee9e420c0771f8f5e93.jpg,640,640,mug,96,245,501,585
01FKNVM3WGMJ7M0NYA5Z99DMCQ_png_jpg.rf.9b68128664d402636eef5c60772c35de.jpg,640,640,mug,60,59,569,640


01FKNVFAZZGVCK8F21X48TMJE7_jpeg_jpg.rf.9fa378685b5f4892cafa2a74570925a4.jpg,640,640,mug,30,9,576,591

01FKNVKPQP2ARPPYGD77V6ESTH_jpeg_jpg.rf.9eed353ba5a2669c41f717a2ee69cc74.jpg,640,640,mug,57,116,569,616
01FKNVD1074E4NNPJRPKY8P90Q_jpeg_jpg.rf.a15b185717bf1689bcf195d8ec2124e4.jpg,640,640,mug,66,66,616,614
01FKNVENQ8WZAD9VZF1MGKV7QV_jpeg_jpg.rf.a36b2f29c243708bdb5ada4b1bcac1fd.jpg,640,640,mug,95,36,579,552
01FKNVEJ9GA4QQAD7G1X39NNAA_jpeg_jpg.rf.a3f354ff78f0f728a2d901fbbe9045b1.jpg,640,640,mug,1,64,640,572
01FKNVK3SS7ERBA3A02KPN80TD_jpeg_jpg.rf.a6de7dc02081d5e30f65d428b7c11450.jpg,640,640,mug,143,179,514,563

01FKNVKEN1C2Z0D8S432JYHKR7_jpeg_jpg.rf.abd8a7e4765c919f0aa34e9310b74bab.jpg,640,640,mug,165,140,512,528

01FKNVDQQ1VJSPN2HB0NE7RR2Y_jpeg_jpg.rf.a4517f4f922a3bbbfd483ff9ad73c77e.jpg,640,640,mug,201,169,529,537

01FKNVFE6HVKF48WJGT5YZGH5G_jpeg_jpg.rf.9be232331707f6d41baf0eb75b1bd077.jpg,640,640,mug,6,85,585,605
01FKNVK3SS7ERBA3A02KPN80TD_jpeg_jpg.rf.8c36f46268e64900ae7b3493d933a7ce.jpg,640,640,mug,127,179,498,563
01FKNVFPR4RW88WAHSDP0V33Q8_jpeg_jpg.rf.aa5524c0ada6a27b7fc60bf76ee8f9cf.jpg,640,640,mug,326,18,576,261
01FKNVFPR4RW88WAHSDP0V33Q8_jpeg_jpg.rf.aa5524c0ada6a27b7fc60bf76ee8f9cf.jpg,640,640,mug,227,202,470,457
01FKNVFPR4RW88WAHSDP0V33Q8_jpeg_jpg.rf.aa5524c0ada6a27b7fc60bf76ee8f9cf.jpg,640,640,mug,104,395,355,640
01FKNVFY6E8H34E35CHEYKQ1TP_jpeg_jpg.rf.ad2d704d4eb1813a15be139581031684.jpg,640,640,mug,24,49,591,388
01FKNVFY6E8H34E35CHEYKQ1TP_jpeg_jpg.rf.ad2d704d4eb1813a15be139581031684.jpg,640,640,mug,58,419,635,640
01FKNVCV29JG8RRQCPEJSX3HP4_jpeg_jpg.rf.a399564eccfc720cb99f43d3aeaffd6e.jpg,640,640,mug,206,42,579,257
01FKNVCV29JG8RRQCPEJSX3HP4_jpeg_jpg.rf.a399564eccfc720cb99f43d3aeaffd6e.jpg,640,640,mug,75,257,379,416
01FKNVFN8QBFCHYH3YTDD99XP0_jpeg_jpg.rf.a976134a82cfce14ecb7e17afd54230f.jpg,640,640,mug,31,24,607,613

01FKNVG39DDYN27RTW875ME9HK_jpeg_jpg.rf.a9f814a526d636329c26337e6cc7154d.jpg,640,640,mug,41,200,558,471
01FKNVJRFZVZ22Q72W3BK5A4E5_jpeg_jpg.rf.a083885f97faf5ed81f8e2cb39b1fb42.jpg,640,640,mug,23,116,618,570
01FKNVKGDBY8G6DFE9H0HEY2VW_jpeg_jpg.rf.acfaa80210407133904bb30b57e4ef75.jpg,640,640,mug,52,73,618,553






01FKNVJZZ59K6VFBS9TQ6B7FFN_jpeg_jpg.rf.a64bada197c7c4629a0da7b7cfb53f27.jpg,640,640,mug,224,204,434,465

01FKNVJZZ59K6VFBS9TQ6B7FFN_jpeg_jpg.rf.a48f2bdc28588f1fda7d680d5c780406.jpg,640,640,mug,206,204,416,465
01FKNVCEWZNN5VY8SYPY6D94A1_jpeg_jpg.rf.af020e22ca13a73a884284db2e8f64ae.jpg,640,640,mug,113,100,508,557
01FKNVFPR4RW88WAHSDP0V33Q8_jpeg_jpg.rf.a9c52d85adc8374e736979a50195a320.jpg,640,640,mug,0,60,265,305
01FKNVFPR4RW88WAHSDP0V33Q8_jpeg_jpg.rf.a9c52d85adc8374e736979a50195a320.jpg,640,640,mug,184,191,444,423
01FKNVFPR4RW88WAHSDP0V33Q8_jpeg_jpg.rf.a9c52d85adc8374e736979a50195a320.jpg,640,640,mug,381,308,640,534

01FKNVET4HJV9BBB8AZKKG4D4H_jpeg_jpg.rf.b2310d1b5f59af0fa2aa0fdc5c0b5ee6.jpg,640,640,mug,72,113,568,578
01FKNVKT3XJCEHTR84HT2M5840_jpeg_jpg.rf.b620aab555ba27ab670ca891067f4f4c.jpg,640,640,mug,134,138,524,478
01FKNVC9MZ0PWNXAFFFBBMW5GF_jpeg_jpg.rf.b48d11a06a340e4c5336d61ebf66d8db.jpg,640,640,mug,194,151,550,427
01FKNVKXHRE43X84NJAEC4496Q_jpeg_jpg.rf.b747249163fcd471f319dc23b782da6b.jpg,640,640,mug,54,155,607,565
01FKNVFD6RX2WFAZYJ6FR2Y0PQ_jpeg_jpg.rf.b8111d38a6c37fe1710b8720bfb8df55.jpg,640,640,mug,11,251,326,582
01FKNVFD6RX2WFAZYJ6FR2Y0PQ_jpeg_jpg.rf.b8111d38a6c37fe1710b8720bfb8df55.jpg,640,640,mug,310,209,628,542
01FKNVFD6RX2WFAZYJ6FR2Y0PQ_jpeg_jpg.rf.b8111d38a6c37fe1710b8720bfb8df55.jpg,640,640,mug,152,54,470,388
01FKNVGAJAZ0RQP246AW6S8N36_jpeg_jpg.rf.b379601df2032ac4c42bc0cf480c3381.jpg,640,640,mug,337,140,592,492
01FKNVGAJAZ0RQP246AW6S8N36_jpeg_jpg.rf.b379601df2032ac4c42bc0cf480c3381.jpg,640,640,mug,0,139,305,493



01FKNVFRBFCHEQVMM8N7E20WNJ_jpeg_jpg.rf.b3bbb00cf6862ccd5613a232c1ff020c.jpg,640,640,mug,227,95,591,499

01FKNVDCGK5QHP7JTQJKYWPRW5_jpeg_jpg.rf.b2ef4cd3d6a65c6c30f1e928d90687b1.jpg,640,640,mug,160,89,465,586
01FKNVFBPAPPDBK4E1G1213HM8_jpeg_jpg.rf.b4130893981d1b3712eb68c83512d096.jpg,640,640,mug,57,142,596,549
01FKNVKJ8ZPA81KT5AEGZXE1RX_jpeg_jpg.rf.b9fa33e5fc507b264e3ec62a5c907d72.jpg,640,640,mug,23,80,591,556
01FKNVH5R1QHSXY3XV4NNFCW4W_jpeg_jpg.rf.bd211a24f8b5d19a8fc24d31f67fa7ca.jpg,640,640,mug,138,118,577,526
01FKNVKEN1C2Z0D8S432JYHKR7_jpeg_jpg.rf.bc1b6bf8c586d6aec9cc259a10272541.jpg,640,640,mug,131,120,493,505
01FKNVFYWSH5HP3GVB6PBVSEJD_jpeg_jpg.rf.bcfdea5aa352521f70cd94a01ea7bc01.jpg,640,640,mug,34,71,556,585

01FKNVFAZZGVCK8F21X48TMJE7_jpeg_jpg.rf.b986ec80c61acd510a839786af60e1d6.jpg,640,640,mug,64,9,610,591
01FKNVC8B89C2AXHV0JA0E98E1_jpeg_jpg.rf.bcb3113e9a2e88d2750dbfd815bfbbd7.jpg,640,640,mug,121,116,501,579
01FKNVK63T0AE71V2EB9MWSY1T_png_jpg.rf.be1545234927e258a517e32eceb37e17.jpg,640,640,mug,149,111,623,582
01FKNVEJYWQY9YBJ8VBHYNA4VS_jpeg_jpg.rf.beaa91cc79f064ecd3b64f4c72bc3f4b.jpg,640,640,mug,3,70,635,569

01FKNVFYWSH5HP3GVB6PBVSEJD_jpeg_jpg.rf.c080e320b5064a2d885c1bae8003580d.jpg,640,640,mug,67,81,568,608
01FKNVK2S7EJGQ81XD74Z9CVPT_jpeg_jpg.rf.bb59f9e97f646066623c32cc3bdc67ee.jpg,640,640,mug,54,71,502,592
01FKNVD94KPX3B9HZW50RVKW48_jpeg_jpg.rf.bc809510494c42bf6fdf48389de19864.jpg,640,640,mug,91,222,480,487
01FKNVEZZTFNRD5BPA613QWHCM_jpeg_jpg.rf.b0edbfc8ddf94cb832839d23e954bed6.jpg,640,640,mug,195,60,576,512
01FKNVEWAZ9RZNW1V8TNRA7TVY_jpeg_jpg.rf.c3230ed21d3d92b9de5c954fd28d44ef.jpg,640,640,mug,1,210,348,631
01FKNVEWAZ9RZNW1V8TNRA7TVY_jpeg_jpg.rf.c3230ed21d3d92b9de5c954fd28d44ef.jpg,640,640,mug,277,164,499,494
01FKNVEWAZ9RZNW1V8TNRA7TVY_jpeg_jpg.rf.c3230ed21d3d92b9de5c954fd28d44ef.jpg,640,640,mug,431,101,640,386
01FKNVDZ8S8DYC5P209N623QPA_jpeg_jpg.rf.bded2fef6783729df72cdf14f280e615.jpg,640,640,mug,0,0,639,640
01FKNVFZM032Z2NVSTC81PGREY_jpeg_jpg.rf.bebb0c7006aa2812b27d0134cccaf614.jpg,640,640,mug,98,0,547,640
01FKNVFG1CCB4XGS5R04SA43YW_jpeg_jpg.rf.c4e57a4539ec050a3e288ebbd99c5a39.jpg,640,640,mug,138,102,566,598
01FKNVF2WRNETR9NYFJVNYASPQ_jpeg_jpg.rf.c3ac33f2a82a4b608919531b24990c27.jpg,640,640,mug,41,57,619,640
01FKNVC8B89C2AXHV0JA0E98E1_jpeg_jpg.rf.c4095997aefd0387d8b7a74ef48a0957.jpg,640,640,mug,129,125,569,511
01FKNVF76HBTJ256E87HGNVBW7_jpeg_jpg.rf.c174bceaeafae2ac4d2f1ef987a2c8f2.jpg,640,640,mug,67,110,547,640
01FKNVFHMBSXC5KAGZSR07VC9J_jpeg_jpg.rf.c6c92b22e0ef759fff86e1282876623a.jpg,640,640,mug,144,152,548,577
01FKNVG0AZPXXANQRZPYK8Z468_jpeg_jpg.rf.bf26883769fc9e19b8fe89a2bf172cb0.jpg,640,640,mug,100,130,481,434
01FKNVERNKBEVFASBBW4NNKMKR_jpeg_jpg.rf.bf403b906011239d16b47fd9a1dd533c.jpg,640,640,mug,163,89,481,550

01FKNVF76HBTJ256E87HGNVBW7_jpeg_jpg.rf.c13fd5cb15bb1ab5c9cde268d7ade95f.jpg,640,640,mug,75,7,555,526
01FKNVF2WRNETR9NYFJVNYASPQ_jpeg_jpg.rf.c40f5d38017b664a4be13cfa368726b3.jpg,640,640,mug,2,28,582,600
01FKNVKA41SQP0NFM72AXKYQ7X_jpeg_jpg.rf.c320b60a7fde96c8e85e5b080208eeb0.jpg,640,640,mug,71,31,629,627

