filename,width,height,class,xmin,ymin,xmax,ymax
4b512222-e9b4-11ed-91c0-3cf0117cfe66_jpg.rf.8ede398c981e365d6c70cd9623641f67.jpg,224,224,Ducky,70,39,115,98
4b110a7a-e9b4-11ed-91c0-3cf0117cfe66_jpg.rf.93094d8b1668e7feded491a7ba4ee19d.jpg,224,224,Ducky,64,51,120,119
6f8fe59c-e9b4-11ed-91c0-3cf0117cfe66_jpg.rf.8f35816a4d9b296a39c45267c34f1979.jpg,224,224,Ducky,131,14,158,47
66107996-e9b4-11ed-91c0-3cf0117cfe66_jpg.rf.9e24b9aacdee90babc5a7ba660e0962e.jpg,224,224,Ducky,100,19,134,59
507c3c00-e9b4-11ed-91c0-3cf0117cfe66_jpg.rf.99380e9cc782d57d394ab80f5f5d6281.jpg,224,224,Ducky,75,27,112,78
1f391820-e9b4-11ed-91c0-3cf0117cfe66_jpg.rf.9c05a35ea093386a4aaa4266c14803e5.jpg,224,224,Ducky,59,43,121,113
1dc38da4-e9b4-11ed-91c0-3cf0117cfe66_jpg.rf.9588722ecbe0e236ce57229e6d387782.jpg,224,224,Ducky,105,49,172,122
4b8ba50a-e9b4-11ed-91c0-3cf0117cfe66_jpg.rf.a00f9c9a2e5096fc3a06435ad968b0da.jpg,224,224,Ducky,79,31,119,85
1196de78-e9b4-11ed-91c0-3cf0117cfe66_jpg.rf.98fbeaa05c1d0df57ec383978bbfa60b.jpg,224,224,Ducky,97,52,149,121
48349bb4-e9b4-11ed-91c0-3cf0117cfe66_jpg.rf.93fada3c6d9abf13d62d1f3b8134653c.jpg,224,224,Ducky,63,0,94,29
63bb333e-e9b4-11ed-91c0-3cf0117cfe66_jpg.rf.a06759884f08cd312dd13ede0c0a0ddb.jpg,224,224,Ducky,76,157,186,224
72429aa4-e9ab-11ed-b445-3cf0117cfe66_jpg.rf.9f713d7b296004e342f63432fa91998b.jpg,224,224,Ducky,45,10,168,169
064a09d2-e9b4-11ed-91c0-3cf0117cfe66_jpg.rf.a4467c4f5a5b9838c20ff1a17983a6b1.jpg,224,224,Ducky,81,55,138,124
765a0430-e9b3-11ed-91c0-3cf0117cfe66_jpg.rf.9dfb00f2eaaae0d1a00091d249a5d2eb.jpg,224,224,Ducky,135,60,207,136
0fa0e36e-e9ac-11ed-b445-3cf0117cfe66_jpg.rf.9cf4e975dde74e700e3e16d61b8a6419.jpg,224,224,Ducky,73,13,157,125
1d7eba94-e9b4-11ed-91c0-3cf0117cfe66_jpg.rf.9f7ecfbb6002fb2370922a256136c164.jpg,224,224,Ducky,105,53,174,127
7b47fcea-e9b3-11ed-91c0-3cf0117cfe66_jpg.rf.9de75ef6cc2d3e5f03da54bdc69cf269.jpg,224,224,Ducky,20,63,95,138
6a37626e-e9b4-11ed-91c0-3cf0117cfe66_jpg.rf.8e33394ca22441337022b726711b638d.jpg,224,224,Ducky,87,13,114,44
841ad676-e9b3-11ed-91c0-3cf0117cfe66_jpg.rf.95e36206daf784a6c7b2f845b412119c.jpg,224,224,Ducky,149,53,211,121

86020b26-e9b3-11ed-91c0-3cf0117cfe66_jpg.rf.9cb6a020f7c3aa2cfaccd15768ccaac6.jpg,224,224,Ducky,116,49,169,112
8107833a-e9b3-11ed-91c0-3cf0117cfe66_jpg.rf.a10a3e35542587ba86a73cbf93839d1d.jpg,224,224,Ducky,97,55,155,120
6bf6cef0-e9b4-11ed-91c0-3cf0117cfe66_jpg.rf.8f326282ddd94ac63493f72d63074ca9.jpg,224,224,Ducky,88,37,134,90
88b7c25c-e9b3-11ed-91c0-3cf0117cfe66_jpg.rf.976f3154d342841eb9d586f1823d7c5a.jpg,224,224,Ducky,30,56,91,121
318cf082-e9b4-11ed-91c0-3cf0117cfe66_jpg.rf.a545eee78ec91953bcfcb614fdf02394.jpg,224,224,Ducky,66,78,145,174
70c3889c-e9b4-11ed-91c0-3cf0117cfe66_jpg.rf.a748a867d993945e71aa197bd0df9bb0.jpg,224,224,Ducky,91,98,177,210
398e5294-e9b4-11ed-91c0-3cf0117cfe66_jpg.rf.a53cd2d0e709b532d27af4eb96d8b62f.jpg,224,224,Ducky,90,71,150,140
6d28f992-e9b4-11ed-91c0-3cf0117cfe66_jpg.rf.a72bbac7aedd9f7df84d508b5886bc7f.jpg,224,224,Ducky,151,59,203,120
7256da66-e9b3-11ed-91c0-3cf0117cfe66_jpg.rf.9ea910baf693c65b0957fe2e174d2ed7.jpg,224,224,Ducky,66,67,135,145
1745e88a-e9ac-11ed-b445-3cf0117cfe66_jpg.rf.aaecb0274ebfb147214790a9c621026b.jpg,224,224,Ducky,58,18,147,135
5d28cf54-e9b4-11ed-91c0-3cf0117cfe66_jpg.rf.aad064360c6c0722628f86e31289d12e.jpg,224,224,Ducky,94,20,129,58
53fa3224-e9b4-11ed-91c0-3cf0117cfe66_jpg.rf.b357bf44aaebad6fc85975718d8d95a4.jpg,224,224,Ducky,89,19,124,63
657987f2-e9b4-11ed-91c0-3cf0117cfe66_jpg.rf.b0797012045782f830f3f4434adee082.jpg,224,224,Ducky,91,23,126,71
5037d362-e9b4-11ed-91c0-3cf0117cfe66_jpg.rf.aeca05193bb266a27080fcf39a4a93fb.jpg,224,224,Ducky,75,37,117,90
869408fe-e9b4-11ed-91c0-3cf0117cfe66_jpg.rf.a90f845256206fc8eba839db482b5a03.jpg,224,224,Ducky,91,58,146,130
14880a6c-e9b4-11ed-91c0-3cf0117cfe66_jpg.rf.a9253f5652086b1e71ee02e08e5994bf.jpg,224,224,Ducky,62,55,124,131
19caabf6-e9b4-11ed-91c0-3cf0117cfe66_jpg.rf.ac0b13ba842c2be12adc7343ef894b6a.jpg,224,224,Ducky,116,50,177,130
885bba70-e9b3-11ed-91c0-3cf0117cfe66_jpg.rf.ab28fd343d12e2a753a0e30d1ff0b4a2.jpg,224,224,Ducky,47,52,106,117
80cbe820-e9b3-11ed-91c0-3cf0117cfe66_jpg.rf.b3f6a0e335a318cca69dfe0523155174.jpg,224,224,Ducky,84,56,146,121
46248b9a-e9b4-11ed-91c0-3cf0117cfe66_jpg.rf.ae60674b7b5d85a7fa5fce1423943cec.jpg,224,224,Ducky,81,76,151,162
42c1e680-e9ac-11ed-b445-3cf0117cfe66_jpg.rf.b5664fc691869df4e8a1ed5297886728.jpg,224,224,Ducky,72,57,158,167
361eaaaa-e9b4-11ed-91c0-3cf0117cfe66_jpg.rf.b1e820d2264c8328989ae9c2d4987b0a.jpg,224,224,Ducky,102,18,149,68
60701faa-e9b4-11ed-91c0-3cf0117cfe66_jpg.rf.b941029697fb1e4e49a2544af1de6d9f.jpg,224,224,Ducky,88,56,142,120
66222650-e9b4-11ed-91c0-3cf0117cfe66_jpg.rf.abb28d7c89bb6f688a7a936cf232b5f2.jpg,224,224,Ducky,101,18,135,58
139f3378-e9b4-11ed-91c0-3cf0117cfe66_jpg.rf.aebc8676ea6c9f6123cd3b32ff10ed29.jpg,224,224,Ducky,74,54,127,123
3cc18d5a-e9b4-11ed-91c0-3cf0117cfe66_jpg.rf.b6790e337e1d4ccd4609bee6712da840.jpg,224,224,Ducky,107,63,161,129
32e73ada-e9ac-11ed-b445-3cf0117cfe66_jpg.rf.ba88f701220ba8bdd22fc5a5c70d5701.jpg,224,224,Ducky,60,64,162,191
3d1c4a4c-e9b4-11ed-91c0-3cf0117cfe66_jpg.rf.ab40c08e5eca476d04bd8dc92318d381.jpg,224,224,Ducky,105,47,148,101
604bff8a-e9b4-11ed-91c0-3cf0117cfe66_jpg.rf.c1f4b971a6a7419467bb7446a5945d3d.jpg,224,224,Ducky,86,62,148,132
10bc5ee2-e9b4-11ed-91c0-3cf0117cfe66_jpg.rf.b9cf5c02da0159d340c9783895f6639e.jpg,224,224,Ducky,114,50,167,121
03f833e8-e9b4-11ed-91c0-3cf0117cfe66_jpg.rf.b774f9fb8c5746d59403ac75ae9c08af.jpg,224,224,Ducky,122,53,182,120
6e05c746-e9b4-11ed-91c0-3cf0117cfe66_jpg.rf.bda0ba0614d0eba0d7ccc84d6020f45e.jpg,224,224,Ducky,85,69,148,155
8b8da168-e9b3-11ed-91c0-3cf0117cfe66_jpg.rf.abf133ccae59c67f617ad55775e979f2.jpg,224,224,Ducky,35,54,103,122
6ebcce8c-e9b4-11ed-91c0-3cf0117cfe66_jpg.rf.b9f86d0482be12336e6da958f77cb07f.jpg,224,224,Ducky,97,31,135,78
72dc78dc-e9b4-11ed-91c0-3cf0117cfe66_jpg.rf.b517e9dc302588cb785b0cc67cedfc9f.jpg,224,224,Ducky,99,15,131,52
893c3f8c-e9b3-11ed-91c0-3cf0117cfe66_jpg.rf.beb4a057a1758cc9c251d0848e37f0f3.jpg,224,224,Ducky,22,54,87,126
6cd631ee-e9b4-11ed-91c0-3cf0117cfe66_jpg.rf.c2d7a2789801a322d74b66f876c9a015.jpg,224,224,Ducky,94,20,125,56
61484262-e9ab-11ed-b445-3cf0117cfe66_jpg.rf.c6188ba9733eef05aba8e5c6cab97d0b.jpg,224,224,Ducky,53,12,178,169
4f5fb892-e9b4-11ed-91c0-3cf0117cfe66_jpg.rf.c7e46d827f0f12ced10d7d0a747a16df.jpg,224,224,Ducky,80,58,133,126
18fec0f4-e9b4-11ed-91c0-3cf0117cfe66_jpg.rf.c14f0a21300131cdd1ec6a24a029bdbe.jpg,224,224,Ducky,82,55,141,126
62683f22-e9b4-11ed-91c0-3cf0117cfe66_jpg.rf.c8627d1b9781a7786a8ba4d1a550f142.jpg,224,224,Ducky,106,10,133,44
6e1a3c26-e9b4-11ed-91c0-3cf0117cfe66_jpg.rf.c3965a170fd67b6b881267b3cdce561d.jpg,224,224,Ducky,84,61,139,136
3ea85dea-e9ac-11ed-b445-3cf0117cfe66_jpg.rf.c0ce1f5b863c67da3e8cd25b03754443.jpg,224,224,Ducky,78,61,155,164
04c7a24a-e9b4-11ed-91c0-3cf0117cfe66_jpg.rf.be8389c778a6091400336680bf41ad21.jpg,224,224,Ducky,110,52,167,122
4a6ab43a-e9ab-11ed-b445-3cf0117cfe66_jpg.rf.bd0902a8a62ae9c948b57cda705d2249.jpg,224,224,Ducky,63,15,181,171
71a0c748-e9b4-11ed-91c0-3cf0117cfe66_jpg.rf.c4fd4550b106cee7c7e28e872c2ef9d5.jpg,224,224,Ducky,106,34,149,87
7e9f2346-e9b3-11ed-91c0-3cf0117cfe66_jpg.rf.c5372692ce8adba49d892d8b53696637.jpg,224,224,Ducky,11,66,89,142
8c0f548c-e9b4-11ed-91c0-3cf0117cfe66_jpg.rf.c7a280444f07cf93e2268d0b6221f396.jpg,224,224,Ducky,92,40,141,100
4442116c-e9b4-11ed-91c0-3cf0117cfe66_jpg.rf.cb26985d70482e2afb8ec4c48ca899ad.jpg,224,224,Ducky,114,15,140,49
5f8d75ce-e9b4-11ed-91c0-3cf0117cfe66_jpg.rf.bd18c2618bccb0f63f9299b98d5088b0.jpg,224,224,Ducky,62,143,173,224
6479d866-e9b4-11ed-91c0-3cf0117cfe66_jpg.rf.c7171720d3175d2996e178b8473579da.jpg,224,224,Ducky,84,66,145,144
478ae61e-e9b4-11ed-91c0-3cf0117cfe66_jpg.rf.cee82153f8fb6fe057745ef39a1ee8ac.jpg,224,224,Ducky,102,20,129,53
67b79536-e8f1-11ed-b445-3cf0117cfe66_jpg.rf.ca7fb7f594264de307ec3674a41718f9.jpg,224,224,Ducky,55,16,193,192
3d47e0ee-e9b4-11ed-91c0-3cf0117cfe66_jpg.rf.d05e6daee0114653c1b8fa7f9150bb39.jpg,224,224,Ducky,104,42,142,90
481b599c-e9b4-11ed-91c0-3cf0117cfe66_jpg.rf.cf286f5cb9100edd6ae74d06a788c74a.jpg,224,224,Ducky,85,2,114,39
534ccc1a-e9b4-11ed-91c0-3cf0117cfe66_jpg.rf.caf90305f412a7ac83743f48ee2596bb.jpg,224,224,Ducky,91,41,136,95
6fa1c0c8-e9b4-11ed-91c0-3cf0117cfe66_jpg.rf.c3485d667733e5da6b72f7cb31edd365.jpg,224,224,Ducky,128,12,153,42
6f3f8304-e9b4-11ed-91c0-3cf0117cfe66_jpg.rf.d774a55ba1e0442c708374b050a29b40.jpg,224,224,Ducky,111,21,143,62
4261ae0c-e9b4-11ed-91c0-3cf0117cfe66_jpg.rf.d5acd59c6015faef4c691a34c8ef0eff.jpg,224,224,Ducky,67,105,149,217
6028919e-e9b4-11ed-91c0-3cf0117cfe66_jpg.rf.d211d995c5048d357887e18fb9c92e80.jpg,224,224,Ducky,85,67,148,143
8be3cc9a-e9b4-11ed-91c0-3cf0117cfe66_jpg.rf.d2394349fc43457ed48d695f0ee5e6ec.jpg,224,224,Ducky,87,46,140,112
65101ccc-e9b4-11ed-91c0-3cf0117cfe66_jpg.rf.d7831395b3def4e3e3d400600c8d90eb.jpg,224,224,Ducky,94,37,138,89
3c71426e-e9b4-11ed-91c0-3cf0117cfe66_jpg.rf.d6f11815b0275488a089bf6dae07c426.jpg,224,224,Ducky,102,77,162,153
510b9620-e9b4-11ed-91c0-3cf0117cfe66_jpg.rf.d87323b23f5c6e50492f558d924a848a.jpg,224,224,Ducky,80,20,111,61
4f80def0-e9b4-11ed-91c0-3cf0117cfe66_jpg.rf.d6488605c7d71d976be820cb69df63ef.jpg,224,224,Ducky,79,51,131,121
620bd084-e9b4-11ed-91c0-3cf0117cfe66_jpg.rf.ddc9d5b2d9f5f0b5046acc1f83eb117a.jpg,224,224,Ducky,100,15,129,48
397e3f74-e9ac-11ed-b445-3cf0117cfe66_jpg.rf.de7abccf62c30ab3fbdcc8c2aa3e10aa.jpg,224,224,Ducky,66,61,150,168
0e6d5010-e9b4-11ed-91c0-3cf0117cfe66_jpg.rf.df330d10e7033332228bed12ee425f2d.jpg,224,224,Ducky,125,50,181,121
687b5606-e9b4-11ed-91c0-3cf0117cfe66_jpg.rf.dcac8401510744c4c7368742feac02eb.jpg,224,224,Ducky,95,74,162,157
179d87c2-e9b4-11ed-91c0-3cf0117cfe66_jpg.rf.ddbe4d57a501ce398aa33f723c391217.jpg,224,224,Ducky,37,57,101,128
00262aea-e9b4-11ed-91c0-3cf0117cfe66_jpg.rf.dfe37aae0f0fda8735f209328a7ae25e.jpg,224,224,Ducky,106,55,154,118
6b772600-e9b4-11ed-91c0-3cf0117cfe66_jpg.rf.db9aab31db55f84b9658bc642d7c28c4.jpg,224,224,Ducky,67,74,136,157
744b5d72-e9ab-11ed-b445-3cf0117cfe66_jpg.rf.d7bfd9d0c9f41a0a7b05f99ebf2df077.jpg,224,224,Ducky,54,12,173,167
62251d3c-e9b4-11ed-91c0-3cf0117cfe66_jpg.rf.e06e8a247fa4cba8ba362e6d953eaaa8.jpg,224,224,Ducky,101,12,130,47
6828b130-e9b4-11ed-91c0-3cf0117cfe66_jpg.rf.d7e10304ea57a879f2e3bdba0ccfd0b5.jpg,224,224,Ducky,80,104,171,219
64a76b6e-e9b4-11ed-91c0-3cf0117cfe66_jpg.rf.d90f50dbe838916c40b9ce14ef6cf201.jpg,224,224,Ducky,87,57,141,124
4fce3338-e9ac-11ed-b445-3cf0117cfe66_jpg.rf.dfb7d397f41022b1d2fb4203ace8074a.jpg,224,224,Ducky,83,49,160,146
37f60abc-e9b4-11ed-91c0-3cf0117cfe66_jpg.rf.d2ebb55a1afa16a51bdad699badc01da.jpg,224,224,Ducky,70,176,167,224
34f42074-e9b4-11ed-91c0-3cf0117cfe66_jpg.rf.df70e37f115f9f1c5ac469b3efb93e53.jpg,224,224,Ducky,112,33,165,93
4d3a863c-e9b4-11ed-91c0-3cf0117cfe66_jpg.rf.e05c0f62816fb049fa361ec813432c6a.jpg,224,224,Ducky,76,0,117,16
54ba2f7a-e9b4-11ed-91c0-3cf0117cfe66_jpg.rf.e79b6a9205095f4050a2e2bbc66c30bd.jpg,224,224,Ducky,99,13,129,50
8b1acda0-e9b3-11ed-91c0-3cf0117cfe66_jpg.rf.e74c8675086d467a123734883998c062.jpg,224,224,Ducky,26,52,91,123
3df0b8b8-e9b4-11ed-91c0-3cf0117cfe66_jpg.rf.e94e545e6c5d1f4a8dd6b84a9d79ece0.jpg,224,224,Ducky,105,42,137,83
5b900946-e9b4-11ed-91c0-3cf0117cfe66_jpg.rf.e5b3be4ea1d851683f9e270d60af0597.jpg,224,224,Ducky,68,95,155,201
696f26aa-e9b4-11ed-91c0-3cf0117cfe66_jpg.rf.e71ca2b3f0563c0c1b4d217e8b5f1de4.jpg,224,224,Ducky,102,26,139,70
6109d848-e9b4-11ed-91c0-3cf0117cfe66_jpg.rf.e19be4fa7b4fbef358a101b7f832962f.jpg,224,224,Ducky,87,33,126,79
7bb31ffc-e9b3-11ed-91c0-3cf0117cfe66_jpg.rf.e9130f4c8db0b8eb1c47dbfdcd8487c4.jpg,224,224,Ducky,8,63,84,138
61464670-e9b4-11ed-91c0-3cf0117cfe66_jpg.rf.f09f8ae2a6dc8971a1920c714b88bdc0.jpg,224,224,Ducky,93,24,132,71
5e1ff2ac-e9b4-11ed-91c0-3cf0117cfe66_jpg.rf.f0f2e1cdd914ca85f38192554a8c5c56.jpg,224,224,Ducky,87,14,119,46
39f37034-e9b4-11ed-91c0-3cf0117cfe66_jpg.rf.f084e3f37d1ec6beca6542cc889f2100.jpg,224,224,Ducky,97,48,143,99
3872fb60-e9ac-11ed-b445-3cf0117cfe66_jpg.rf.efe4aee291da082639ecd8a32e0960d5.jpg,224,224,Ducky,69,61,150,171
65654530-e9b4-11ed-91c0-3cf0117cfe66_jpg.rf.ee9f8ee2dcdbe69b06b98453eba454a7.jpg,224,224,Ducky,91,26,126,71
6a2b88c6-e9ab-11ed-b445-3cf0117cfe66_jpg.rf.f1d93128e0769f2c8fc29c8e403e6ab3.jpg,224,224,Ducky,44,11,169,173
42f328b4-e9b4-11ed-91c0-3cf0117cfe66_jpg.rf.efb340d0ebb4909047da34a8d5f16833.jpg,224,224,Ducky,93,69,148,141

3478816c-e9b4-11ed-91c0-3cf0117cfe66_jpg.rf.ed3de60759c25d4493e7a7936b109988.jpg,224,224,Ducky,107,46,166,111
349e253c-e9ac-11ed-b445-3cf0117cfe66_jpg.rf.eec66980d29022c838dd7d93d80ab1ea.jpg,224,224,Ducky,62,66,162,188
50842878-e9ac-11ed-b445-3cf0117cfe66_jpg.rf.f2023fff3da37a9fbc231392b214d318.jpg,224,224,Ducky,79,46,159,144
0853ab70-e9b4-11ed-91c0-3cf0117cfe66_jpg.rf.f595fc3df37c888f7577d8bd0fa48e57.jpg,224,224,Ducky,36,58,96,126
58409cdc-e9ab-11ed-b445-3cf0117cfe66_jpg.rf.f5e66e1871e6bd425ff697b11ac3cc4c.jpg,224,224,Ducky,51,13,165,174
4d9ff1fa-e9ac-11ed-b445-3cf0117cfe66_jpg.rf.fc25220d465b1cf7dc97f60e07384323.jpg,224,224,Ducky,69,52,152,145
6e2c0802-e9b4-11ed-91c0-3cf0117cfe66_jpg.rf.f236472d6a9fd14ef2d97b237befb8d2.jpg,224,224,Ducky,82,58,135,126
1607ec02-e9ac-11ed-b445-3cf0117cfe66_jpg.rf.fbc8bf38ae72b66d1956379a7b459a5d.jpg,224,224,Ducky,62,18,148,128
85889a8e-e9b3-11ed-91c0-3cf0117cfe66_jpg.rf.ef63b9aa81e77466a7328670a2c4c981.jpg,224,224,Ducky,127,50,184,115
3862bc0c-e9b4-11ed-91c0-3cf0117cfe66_jpg.rf.fb8a3490ce8079fde6f3ae1a3cb001a5.jpg,224,224,Ducky,92,119,186,224
7f030924-e9b3-11ed-91c0-3cf0117cfe66_jpg.rf.fcd57d0e641c52a8f06d719c03edeb29.jpg,224,224,Ducky,19,66,93,140
195d04dc-e9ac-11ed-b445-3cf0117cfe66_jpg.rf.fc833ecbe5c72760abd5ea05c97dd99f.jpg,224,224,Ducky,59,15,151,133
0c6d4626-e9b4-11ed-91c0-3cf0117cfe66_jpg.rf.f57e6a6b3a29b472513e3fc449840242.jpg,224,224,Ducky,91,53,146,121
3f3ab296-e9b4-11ed-91c0-3cf0117cfe66_jpg.rf.ff64de5b540bdb2f94e0fa6696d97a63.jpg,224,224,Ducky,87,99,166,196
45a15908-e9ac-11ed-b445-3cf0117cfe66_jpg.rf.ffa769d8f10397054b633347571f4799.jpg,224,224,Ducky,76,53,153,150
1a09f4a0-e9b4-11ed-91c0-3cf0117cfe66_jpg.rf.f4e8e4482caead3910daab271da52929.jpg,224,224,Ducky,128,49,197,129
6d14a1cc-e9b4-11ed-91c0-3cf0117cfe66_jpg.rf.f88eb81c2a5cba8c015e02954876bc02.jpg,224,224,Ducky,105,0,143,51
3c15b854-e9b4-11ed-91c0-3cf0117cfe66_jpg.rf.00992f77092877b6f74540323050a2f4.jpg,224,224,Ducky,92,102,167,202
8871d7be-e9b4-11ed-91c0-3cf0117cfe66_jpg.rf.02f6d85cb9e1ce04a4bcd64dd84b70a7.jpg,224,224,Ducky,106,21,136,63
5fffa5cc-e9b4-11ed-91c0-3cf0117cfe66_jpg.rf.01933a75d3d29f80ea5c024f0c724851.jpg,224,224,Ducky,78,74,144,158
11e2a1dc-e9b4-11ed-91c0-3cf0117cfe66_jpg.rf.040a05b53062bf519195be5b62ce4ec3.jpg,224,224,Ducky,91,53,145,122
795bd83e-e9b3-11ed-91c0-3cf0117cfe66_jpg.rf.0607edb52bd97f69963df6e2a2584e25.jpg,224,224,Ducky,107,58,177,126
05519c1e-e9ac-11ed-b445-3cf0117cfe66_jpg.rf.07e111bce4b1ae4da6e81fc4a5900398.jpg,224,224,Ducky,55,16,144,128
7ece4e14-e9b3-11ed-91c0-3cf0117cfe66_jpg.rf.0140b3dfbe0466c2510083a20c28029f.jpg,224,224,Ducky,15,67,89,140
339682da-e9b4-11ed-91c0-3cf0117cfe66_jpg.rf.022f18f6455197fe4241c1428936ca6a.jpg,224,224,Ducky,88,66,159,151
06fd3cf0-e9b4-11ed-91c0-3cf0117cfe66_jpg.rf.059da1cb5ae75ebc99f16f443bfd3ce0.jpg,224,224,Ducky,67,56,124,126
876d58d0-e9b3-11ed-91c0-3cf0117cfe66_jpg.rf.05ebc7ffa88fbc8d8d4eaf4db7cc652c.jpg,224,224,Ducky,86,51,136,111
4009cdec-e9b4-11ed-91c0-3cf0117cfe66_jpg.rf.068006a701e585dbefd55a1a4c4255ea.jpg,224,224,Ducky,101,48,146,101
431678f0-e9b4-11ed-91c0-3cf0117cfe66_jpg.rf.0a63fac784c55af796d43efedb686e46.jpg,224,224,Ducky,94,59,143,125
79d0a3bc-e9b3-11ed-91c0-3cf0117cfe66_jpg.rf.098c14203a112dbb812f189d023693ad.jpg,224,224,Ducky,85,59,151,132
3f901902-e9b4-11ed-91c0-3cf0117cfe66_jpg.rf.02944d50da5e2fb94d3b8a40e8a7c08c.jpg,224,224,Ducky,95,69,153,142
0dcc2582-e9b4-11ed-91c0-3cf0117cfe66_jpg.rf.095079da0c7ee36de3771ffa94c0c13b.jpg,224,224,Ducky,114,52,168,119
0b890e5c-e9b4-11ed-91c0-3cf0117cfe66_jpg.rf.05c77c6d35ba924ba53bf54b95319c4e.jpg,224,224,Ducky,77,54,131,121
5cdfb4c2-e9b4-11ed-91c0-3cf0117cfe66_jpg.rf.0b3ebf45c7ae6990e2045467331fcc03.jpg,224,224,Ducky,92,26,134,73
8543cdfa-e9b3-11ed-91c0-3cf0117cfe66_jpg.rf.0e56c62603f7600f9d656b534bff6630.jpg,224,224,Ducky,134,49,190,117
05c89406-e9b4-11ed-91c0-3cf0117cfe66_jpg.rf.0ed72305146c728c7a7114a27a9fa8b8.jpg,224,224,Ducky,91,55,149,121
68628dec-e9b4-11ed-91c0-3cf0117cfe66_jpg.rf.125b2369ac6357015f9d9b6eb9d8777a.jpg,224,224,Ducky,91,84,166,175
7fb7e4ca-e9b3-11ed-91c0-3cf0117cfe66_jpg.rf.0ad276efb4fe0787e9b261d5de49c60f.jpg,224,224,Ducky,44,62,112,131
5c2e786a-e9b4-11ed-91c0-3cf0117cfe66_jpg.rf.0f357777d652cfa083760fd504007f88.jpg,224,224,Ducky,84,47,143,115
11071b8a-e9b4-11ed-91c0-3cf0117cfe66_jpg.rf.12d501e138ded79ad447fc8d8f4d390f.jpg,224,224,Ducky,108,51,163,121
1e439fa6-e9ac-11ed-b445-3cf0117cfe66_jpg.rf.1377fc7da0b2d9620bd68aedf60da9cb.jpg,224,224,Ducky,59,16,166,152
5193ca9a-e9b4-11ed-91c0-3cf0117cfe66_jpg.rf.169f2ff05f45ff389a9d1277c1ebc5ae.jpg,224,224,Ducky,81,17,109,53
50935bc4-e9b4-11ed-91c0-3cf0117cfe66_jpg.rf.13ab9178900a3c72e58ec05367b0d99e.jpg,224,224,Ducky,75,28,110,73
45f44156-e9b4-11ed-91c0-3cf0117cfe66_jpg.rf.0e80a11fb92a2930984df436ce673c0c.jpg,224,224,Ducky,73,91,155,197
1a4f1d78-e9b4-11ed-91c0-3cf0117cfe66_jpg.rf.17ae92f642e03ebc9d2b6dc652628c21.jpg,224,224,Ducky,143,52,210,133
3d96888c-e9ac-11ed-b445-3cf0117cfe66_jpg.rf.10b6f23b0f19e27d2dc4eec0d5cf2692.jpg,224,224,Ducky,67,65,154,177
65e9c44e-e9ab-11ed-b445-3cf0117cfe66_jpg.rf.109c90fb1121f98ff7f83f8c2315b545.jpg,224,224,Ducky,49,12,170,171
04447af0-e9b4-11ed-91c0-3cf0117cfe66_jpg.rf.0c29fcd8905cf471fd2ccfe2d23ec2c4.jpg,224,224,Ducky,119,54,179,121
32e4239c-e9b4-11ed-91c0-3cf0117cfe66_jpg.rf.155a20fa88521a88a2b6fa012ae8bf3a.jpg,224,224,Ducky,65,80,146,174
7335ad58-e8f1-11ed-b445-3cf0117cfe66_jpg.rf.16280843dbee66221e1cd5a9a2026ffb.jpg,224,224,Ducky,56,16,185,176
0bdd316c-e9b4-11ed-91c0-3cf0117cfe66_jpg.rf.1800e35551ae32ca43154175bf777062.jpg,224,224,Ducky,85,53,136,120
7aeac26e-e9b3-11ed-91c0-3cf0117cfe66_jpg.rf.16c311c9391fa4d81c3874b36b90923e.jpg,224,224,Ducky,36,63,113,133
501bcc9e-e9b4-11ed-91c0-3cf0117cfe66_jpg.rf.19b04e506549c623d618f67e9df49b2a.jpg,224,224,Ducky,76,40,118,96
3a819972-e9b4-11ed-91c0-3cf0117cfe66_jpg.rf.18ad4623193635c2535d82c675190935.jpg,224,224,Ducky,97,37,134,81
6014344c-e9b4-11ed-91c0-3cf0117cfe66_jpg.rf.1bf8268e14dd530bc85acd06c534de27.jpg,224,224,Ducky,81,72,145,150
638f466a-e9ab-11ed-b445-3cf0117cfe66_jpg.rf.125ffe00633a12d3e4255cf10975ead1.jpg,224,224,Ducky,51,12,175,175
4c35cad0-e9b4-11ed-91c0-3cf0117cfe66_jpg.rf.15d2bbedbf156ab6fbb40b7e7e34e8f2.jpg,224,224,Ducky,91,20,123,61
53b77e5c-e9b4-11ed-91c0-3cf0117cfe66_jpg.rf.0e78d0788afd78ae87f274352b85fdda.jpg,224,224,Ducky,88,26,126,70
71897620-e9b3-11ed-91c0-3cf0117cfe66_jpg.rf.1ac8cb0acba8970276976ecaba4c361a.jpg,224,224,Ducky,60,67,130,143
82256ffc-e9b3-11ed-91c0-3cf0117cfe66_jpg.rf.1f0f5d8d2177ef7ca286745c62963443.jpg,224,224,Ducky,139,52,200,117
517e48a0-e9b4-11ed-91c0-3cf0117cfe66_jpg.rf.1a0b43d321a709f05b6ffaeca9e0e021.jpg,224,224,Ducky,81,17,109,53
4411df42-e9b4-11ed-91c0-3cf0117cfe66_jpg.rf.1edc6aed60960ff1680cb63d297c3ad7.jpg,224,224,Ducky,107,17,133,49
86bd3964-e9b3-11ed-91c0-3cf0117cfe66_jpg.rf.1c5c6d1dbff37794aeea7882a2817ae4.jpg,224,224,Ducky,97,52,150,110
015e30d8-e9b4-11ed-91c0-3cf0117cfe66_jpg.rf.1e33358313f1a34bdbb397b0c9ec1aef.jpg,224,224,Ducky,117,52,174,122
5de4c36c-e9b4-11ed-91c0-3cf0117cfe66_jpg.rf.149832584f1fd771d899977e85080ed4.jpg,224,224,Ducky,88,14,117,45
1bef174e-e9ac-11ed-b445-3cf0117cfe66_jpg.rf.1f9d166d66a12e78291d6f554ce45af0.jpg,224,224,Ducky,68,15,167,148
4f961662-e9b4-11ed-91c0-3cf0117cfe66_jpg.rf.1d13d1d3ad4c7ad827bac795212cfc1c.jpg,224,224,Ducky,78,51,128,117
8828d3f2-e9b4-11ed-91c0-3cf0117cfe66_jpg.rf.1e6a2562e6fe8703888790ad54b7feca.jpg,224,224,Ducky,99,27,133,67
5b5a954a-e9b4-11ed-91c0-3cf0117cfe66_jpg.rf.1f1a0981eabdeb43b5ff36a0c513aef0.jpg,224,224,Ducky,59,112,155,224
47c2c610-e9b4-11ed-91c0-3cf0117cfe66_jpg.rf.22c92f35d491b9092ed26f4c4baf5b41.jpg,224,224,Ducky,100,18,126,50
4ef5c5ca-e9ac-11ed-b445-3cf0117cfe66_jpg.rf.21ef4c2a3679658b3f7a5977f8e0f63f.jpg,224,224,Ducky,76,48,158,142
4affa550-e9b4-11ed-91c0-3cf0117cfe66_jpg.rf.2a111cc9d9850eb89ea2ad84fda7d638.jpg,224,224,Ducky,64,51,119,123
4b6a5008-e9b4-11ed-91c0-3cf0117cfe66_jpg.rf.1ffde258c77634bbd470fed331213ce6.jpg,224,224,Ducky,77,36,119,92
411236ac-e9b4-11ed-91c0-3cf0117cfe66_jpg.rf.28a8fdcbf650ab3f40605a5078b567b4.jpg,224,224,Ducky,111,16,146,61
6e42d9ec-e9b4-11ed-91c0-3cf0117cfe66_jpg.rf.1f6fe05ae16723d80372ac9b2ae8ac63.jpg,224,224,Ducky,83,46,133,115
47d711b0-e9b4-11ed-91c0-3cf0117cfe66_jpg.rf.2b96a183fbc2453daf5acc76404ab871.jpg,224,224,Ducky,99,19,125,50
61f8b580-e9b4-11ed-91c0-3cf0117cfe66_jpg.rf.2055dd863ecb7b1aafe8370eb8f615c4.jpg,224,224,Ducky,99,16,129,52
5d870358-e9b4-11ed-91c0-3cf0117cfe66_jpg.rf.2e3d37822e0743084eb9506b710df834.jpg,224,224,Ducky,91,13,123,51
409a5be6-e9b4-11ed-91c0-3cf0117cfe66_jpg.rf.2e5f2a0f312e27000ec347a4e6424913.jpg,224,224,Ducky,108,30,142,76
0396c996-e9b4-11ed-91c0-3cf0117cfe66_jpg.rf.2fd625191f0d00e0448f8bb6515f4e01.jpg,224,224,Ducky,128,54,190,121
122b36cc-e9b4-11ed-91c0-3cf0117cfe66_jpg.rf.2e1987cb90e49cc0507fc4c2bd17e239.jpg,224,224,Ducky,91,53,142,123
7f3ee9da-e9b3-11ed-91c0-3cf0117cfe66_jpg.rf.309230bed61ccb99e00cbe431095e81f.jpg,224,224,Ducky,30,64,100,136
4295f7f2-e9b4-11ed-91c0-3cf0117cfe66_jpg.rf.2a02757fc58fbedc2550fa46b6e6534b.jpg,224,224,Ducky,69,105,150,209
880dcbee-e9b3-11ed-91c0-3cf0117cfe66_jpg.rf.30a7f4f72f6e200d0359c474ff9deace.jpg,224,224,Ducky,64,53,120,114
74294d92-e9b3-11ed-91c0-3cf0117cfe66_jpg.rf.35732140cabed52529511b3dc448ec66.jpg,224,224,Ducky,91,65,160,138
61cf218e-e9b4-11ed-91c0-3cf0117cfe66_jpg.rf.24d4194a9e5c6b7ff1e12c3d5501818b.jpg,224,224,Ducky,100,19,132,57
3bce73b8-e9b4-11ed-91c0-3cf0117cfe66_jpg.rf.331c24dbcb04dbaff49b711bb1b49b62.jpg,224,224,Ducky,67,133,159,224
6b2ce928-e9b4-11ed-91c0-3cf0117cfe66_jpg.rf.30d7ce430342e0d119a641239fbe7b46.jpg,224,224,Ducky,54,159,178,224
05499a16-e9b4-11ed-91c0-3cf0117cfe66_jpg.rf.3255e84e25f01cf2a3cf970d9103616f.jpg,224,224,Ducky,102,53,155,120
8649e8e2-e9b3-11ed-91c0-3cf0117cfe66_jpg.rf.38b28f3e6aec1f85ddf95aff96116e88.jpg,224,224,Ducky,108,50,161,115
0111c522-e9b4-11ed-91c0-3cf0117cfe66_jpg.rf.37a7acd472d7e3eb1cd140662cdab9a0.jpg,224,224,Ducky,113,52,169,122
68f38cd4-e9b4-11ed-91c0-3cf0117cfe66_jpg.rf.35f54ff456c34bff989468e8b4e8026c.jpg,224,224,Ducky,106,37,150,93
0d79a5fa-e9b4-11ed-91c0-3cf0117cfe66_jpg.rf.373f4ec108e78c8024b0afa06aec58e1.jpg,224,224,Ducky,106,52,159,119
1fcd513e-e9b4-11ed-91c0-3cf0117cfe66_jpg.rf.37eac7e7e9693fad47d37e94ef072a26.jpg,224,224,Ducky,52,46,115,106
8172e8dc-e9b3-11ed-91c0-3cf0117cfe66_jpg.rf.3ff443452b66e122d5a4e790842321ee.jpg,224,224,Ducky,115,55,173,117
0adcb2ba-e9b4-11ed-91c0-3cf0117cfe66_jpg.rf.3d69f63583105d80af87aa951e4c9b74.jpg,224,224,Ducky,53,56,108,126
65dac7f6-e9b4-11ed-91c0-3cf0117cfe66_jpg.rf.2849e6331d56a7bbf183fe0d4ef7f391.jpg,224,224,Ducky,102,19,137,59
39460c8c-e9b4-11ed-91c0-3cf0117cfe66_jpg.rf.3780509bbe6951c58534034f9688eaff.jpg,224,224,Ducky,86,92,160,179

36f64cbc-e9b4-11ed-91c0-3cf0117cfe66_jpg.rf.416ace7a5c6f1ea891d6880ad97cf686.jpg,224,224,Ducky,107,20,136,55
545ad228-e9b4-11ed-91c0-3cf0117cfe66_jpg.rf.42ed9d2b3de78a7e95c40af5ae3be04c.jpg,224,224,Ducky,87,14,123,54
683d24da-e9b4-11ed-91c0-3cf0117cfe66_jpg.rf.4224df3a5356eb0f3c271f68bb52df06.jpg,224,224,Ducky,86,99,171,206
4bed32b6-e9b4-11ed-91c0-3cf0117cfe66_jpg.rf.3a5f558c4104bc9c5253171b5602b7e4.jpg,224,224,Ducky,91,22,128,68
35ba83b8-e9b4-11ed-91c0-3cf0117cfe66_jpg.rf.4503e2d23ff1d2e034afb8619eb4f5f1.jpg,224,224,Ducky,112,20,157,74
0b424c7e-e9b4-11ed-91c0-3cf0117cfe66_jpg.rf.374a14f85e1a89b0d35b63745d3c8303.jpg,224,224,Ducky,67,55,125,124
45dfa106-e9b4-11ed-91c0-3cf0117cfe66_jpg.rf.2ef354df109599baab2f8edcaaf2abbe.jpg,224,224,Ducky,73,98,161,216
43e6e486-e9b4-11ed-91c0-3cf0117cfe66_jpg.rf.3e1c301ad254d93814a43de1ad64c645.jpg,224,224,Ducky,98,22,125,57
63d3ea8c-e9b4-11ed-91c0-3cf0117cfe66_jpg.rf.45b762aed40277cc148865101174745f.jpg,224,224,Ducky,72,145,180,224
653825e6-e9b4-11ed-91c0-3cf0117cfe66_jpg.rf.424db0203a1b000cfab3ce78ddd99a95.jpg,224,224,Ducky,97,30,135,78
3da03096-e9b4-11ed-91c0-3cf0117cfe66_jpg.rf.489362256843fd314294871745b42ee5.jpg,224,224,Ducky,101,30,133,73
5ba5341a-e9b4-11ed-91c0-3cf0117cfe66_jpg.rf.4440bdfba1096d412bda6c7124955cba.jpg,224,224,Ducky,72,86,153,182
72238f48-e9b4-11ed-91c0-3cf0117cfe66_jpg.rf.453d329e5602d6df9f5cd42ebacdbe00.jpg,224,224,Ducky,125,22,157,64
02a8c668-e9ac-11ed-b445-3cf0117cfe66_jpg.rf.484c4a847b3a0b1434a543dc240839dc.jpg,224,224,Ducky,37,25,155,168
3a183478-e9b4-11ed-91c0-3cf0117cfe66_jpg.rf.4950b039e7585da66f40dc726487cb5c.jpg,224,224,Ducky,99,42,140,88
1e17ffb0-e9b4-11ed-91c0-3cf0117cfe66_jpg.rf.47ca4f09c7cd2abb7a1fbd873ceb165d.jpg,224,224,Ducky,90,48,156,117
0cd4e600-e9b4-11ed-91c0-3cf0117cfe66_jpg.rf.4ab9a8f33fc2fcd389f225c163d9a9fd.jpg,224,224,Ducky,97,52,149,118
7bdb14e4-e9b3-11ed-91c0-3cf0117cfe66_jpg.rf.4bde03265e0b7ce4bd6a1affa6e8eb9d.jpg,224,224,Ducky,5,64,82,142
023ff356-e9b4-11ed-91c0-3cf0117cfe66_jpg.rf.4b4ccb99c4572904c76e1bfe9fc70281.jpg,224,224,Ducky,134,51,193,121
6e6a5ac6-e9b4-11ed-91c0-3cf0117cfe66_jpg.rf.47ad54f650ae0067cdb83a0b8d2dd932.jpg,224,224,Ducky,90,41,136,102
43bcdbbc-e9ac-11ed-b445-3cf0117cfe66_jpg.rf.456be560c791579ef3679b62f697111f.jpg,224,224,Ducky,73,58,157,171
681623ac-e9ab-11ed-b445-3cf0117cfe66_jpg.rf.4c3a437161388554352dc2e7699a5298.jpg,224,224,Ducky,44,13,172,173
5fc15718-e9b4-11ed-91c0-3cf0117cfe66_jpg.rf.4c8989bfc44c70dad77acb310683cfae.jpg,224,224,Ducky,67,113,166,224
6121be72-e9b4-11ed-91c0-3cf0117cfe66_jpg.rf.4e6e770e75c153e030c7190d89995a3e.jpg,224,224,Ducky,90,29,129,76
50a748be-e9b4-11ed-91c0-3cf0117cfe66_jpg.rf.58e4a11da0bd6fad34134bf82e53aff9.jpg,224,224,Ducky,77,25,112,71
359a8ca0-e9ac-11ed-b445-3cf0117cfe66_jpg.rf.52c34fac0b4e84588facef61b0ce81f1.jpg,224,224,Ducky,56,59,163,193
390ab5d8-e9b4-11ed-91c0-3cf0117cfe66_jpg.rf.4c22cae87f84d77be9e7f18ee6a4c553.jpg,224,224,Ducky,81,113,170,224
071143c4-e9ac-11ed-b445-3cf0117cfe66_jpg.rf.4aec8446657bdca82644044a61e6beed.jpg,224,224,Ducky,61,19,145,138
40bee52c-e9ac-11ed-b445-3cf0117cfe66_jpg.rf.58316d74c9504205750a80abf7eba991.jpg,224,224,Ducky,81,62,167,171
8c32e826-e9b3-11ed-91c0-3cf0117cfe66_jpg.rf.5373257312938426a810dbb8d1286c66.jpg,224,224,Ducky,48,53,112,117
6df17872-e9b4-11ed-91c0-3cf0117cfe66_jpg.rf.45791cb25cb6afac5a412dca3ebb8834.jpg,224,224,Ducky,84,84,153,175
8506782e-e9b3-11ed-91c0-3cf0117cfe66_jpg.rf.401c9b0c8b92a806ca7a250bf3f3fca9.jpg,224,224,Ducky,139,51,198,119
4ba901d6-e9b4-11ed-91c0-3cf0117cfe66_jpg.rf.547c8350f1f9652a5dc566c397e59c99.jpg,224,224,Ducky,81,28,120,76
5db29e6e-e9b4-11ed-91c0-3cf0117cfe66_jpg.rf.5c98aca8a7831d8ad5e1fe2afe00c499.jpg,224,224,Ducky,89,14,116,47
368c194e-e9ac-11ed-b445-3cf0117cfe66_jpg.rf.57317e12af0d3a2552a1b0ef247049b8.jpg,224,224,Ducky,50,62,162,185
40d6623a-e9b4-11ed-91c0-3cf0117cfe66_jpg.rf.5aee2e54257e4f693866281dea5ec057.jpg,224,224,Ducky,107,31,141,73
0176103e-e9ac-11ed-b445-3cf0117cfe66_jpg.rf.537f8bbea03bf9c1a86ddb6453259fed.jpg,224,224,Ducky,55,24,161,171
166f6c1c-e9b4-11ed-91c0-3cf0117cfe66_jpg.rf.5d1c5f4a83daa15552acc575665a4b2d.jpg,224,224,Ducky,53,55,111,130
50bc6172-e9b4-11ed-91c0-3cf0117cfe66_jpg.rf.4da78657799db8e2b76ae10fa0c8ff27.jpg,224,224,Ducky,76,22,111,72
7f7b1090-e9b3-11ed-91c0-3cf0117cfe66_jpg.rf.5a718fa2b12c42122efee704939b1855.jpg,224,224,Ducky,38,62,109,133
5c057dfc-e9b4-11ed-91c0-3cf0117cfe66_jpg.rf.5c85c89507bace1ef778c0566d2b4814.jpg,224,224,Ducky,85,59,146,131
852f3fba-e9b4-11ed-91c0-3cf0117cfe66_jpg.rf.5b688db64a22a17eaf5a0de1a96c21d3.jpg,224,224,Ducky,63,135,169,224
3ff83fc8-e9b4-11ed-91c0-3cf0117cfe66_jpg.rf.5985e8fc72138d199b997dc65cc077c2.jpg,224,224,Ducky,99,51,146,110
43c310e2-e9b4-11ed-91c0-3cf0117cfe66_jpg.rf.5f759b5231658154605dfee8a9b2373a.jpg,224,224,Ducky,98,27,129,65
07c57be8-e9b4-11ed-91c0-3cf0117cfe66_jpg.rf.525ff3cc6011a0418aa609621638ee46.jpg,224,224,Ducky,47,57,106,126
8b7d9204-e9b4-11ed-91c0-3cf0117cfe66_jpg.rf.5f013b646efd1e53656d209ccfad8d45.jpg,224,224,Ducky,72,58,139,139
7324e4c8-e9b4-11ed-91c0-3cf0117cfe66_jpg.rf.5dc75caad87e9393fe856bfd13d4d054.jpg,224,224,Ducky,82,14,110,49
10c5e01e-e9ac-11ed-b445-3cf0117cfe66_jpg.rf.63e7bdf3b3c91a16b5a176f35b1a9211.jpg,224,224,Ducky,64,15,150,122
5d178b9a-e9b4-11ed-91c0-3cf0117cfe66_jpg.rf.5feac17cc0f2ff2fe9ba9f3fd69e5bb3.jpg,224,224,Ducky,94,23,131,61
3f0c9a46-e9b4-11ed-91c0-3cf0117cfe66_jpg.rf.6205b43ec8a91b37beaf2a208ff52ad7.jpg,224,224,Ducky,58,135,157,224
01ef460e-e9b4-11ed-91c0-3cf0117cfe66_jpg.rf.5cc3332385261aa0f18c429dbb14c8b9.jpg,224,224,Ducky,132,52,188,122
0074326c-e9b4-11ed-91c0-3cf0117cfe66_jpg.rf.657588bf0d72ec39ed6e36659ddc654e.jpg,224,224,Ducky,106,53,160,120
5d057162-e9b4-11ed-91c0-3cf0117cfe66_jpg.rf.63ec88b85d9f9044bef6ab91b9f64407.jpg,224,224,Ducky,94,23,132,64
3d7241cc-e9b4-11ed-91c0-3cf0117cfe66_jpg.rf.645d026888c0cbb68129fea5871e2209.jpg,224,224,Ducky,101,35,135,78
1aa4d9a0-e9ac-11ed-b445-3cf0117cfe66_jpg.rf.6094fd49977a9a87c92b5846f4de4703.jpg,224,224,Ducky,65,13,161,129
0aa514a4-e9b4-11ed-91c0-3cf0117cfe66_jpg.rf.641e80891c95e9818955a46103485ea8.jpg,224,224,Ducky,45,56,104,127
477d9994-e9ac-11ed-b445-3cf0117cfe66_jpg.rf.67df24430458edafe3daf151dd42157e.jpg,224,224,Ducky,76,56,153,154
81e59602-e9b3-11ed-91c0-3cf0117cfe66_jpg.rf.6f4c76d4b6e8b51079ce25daef581ac3.jpg,224,224,Ducky,132,52,194,117
713abebc-e9b4-11ed-91c0-3cf0117cfe66_jpg.rf.6bd84c7f34d918407e753fc47a72ffcd.jpg,224,224,Ducky,99,60,155,132
4bd53242-e9b4-11ed-91c0-3cf0117cfe66_jpg.rf.661e2978048159a9a390113777364215.jpg,224,224,Ducky,91,26,124,69
13f3e904-e9b4-11ed-91c0-3cf0117cfe66_jpg.rf.690d49405600c4a975e7f6b52ed20d20.jpg,224,224,Ducky,67,54,121,126
04441324-e9ac-11ed-b445-3cf0117cfe66_jpg.rf.6a9231f4f019212c136d6057477ea5ef.jpg,224,224,Ducky,58,23,168,163
0c297dd8-e9b4-11ed-91c0-3cf0117cfe66_jpg.rf.68a37cb84be5b4254c112042f0c96a06.jpg,224,224,Ducky,91,54,146,121
0d28d53a-e9b4-11ed-91c0-3cf0117cfe66_jpg.rf.7120f86d1ae3f8c2332516e12b9d7cb1.jpg,224,224,Ducky,101,52,156,121
3899a7f8-e9b4-11ed-91c0-3cf0117cfe66_jpg.rf.6ce97e6b2f0246ac082e4a2db136bb7e.jpg,224,224,Ducky,98,87,170,172
5123251a-e9b4-11ed-91c0-3cf0117cfe66_jpg.rf.724444296e9f22588f75ca5eda598067.jpg,224,224,Ducky,78,19,109,58
50dfa222-e9b4-11ed-91c0-3cf0117cfe66_jpg.rf.6417f01744cfaee0fe11dd591cfe807e.jpg,224,224,Ducky,74,21,107,67
4ec33ca6-e9b4-11ed-91c0-3cf0117cfe66_jpg.rf.69176527d6a34c74e595f9466aee7049.jpg,224,224,Ducky,57,124,156,224
07467a14-e9b4-11ed-91c0-3cf0117cfe66_jpg.rf.6d19adb40d0209c1b8c27ef1d4670e66.jpg,224,224,Ducky,61,57,116,123
6eab49e0-e9ab-11ed-b445-3cf0117cfe66_jpg.rf.6dc5de7a002686a27d81eaa4a11dbbc5.jpg,224,224,Ducky,37,12,159,171
35784052-e9b4-11ed-91c0-3cf0117cfe66_jpg.rf.7233c95c62d0abca23745080e708cac2.jpg,224,224,Ducky,120,26,168,77
3dc8a4d6-e9b4-11ed-91c0-3cf0117cfe66_jpg.rf.6e205c25c92207787f7985912cbd78aa.jpg,224,224,Ducky,100,30,132,72
37869108-e9ac-11ed-b445-3cf0117cfe66_jpg.rf.6fbc5fcfc69a5e023495bfd0d26ae20b.jpg,224,224,Ducky,67,61,151,174
49e29d88-e9ac-11ed-b445-3cf0117cfe66_jpg.rf.73c8a492af421694ef12e03e01251737.jpg,224,224,Ducky,69,59,151,159
1a93331e-e9b4-11ed-91c0-3cf0117cfe66_jpg.rf.6c26a59ea5741d7f8e000056475c721d.jpg,224,224,Ducky,158,52,224,131
69a50e1e-e9b4-11ed-91c0-3cf0117cfe66_jpg.rf.718993ec69580d887658c638ab6f7913.jpg,224,224,Ducky,96,19,135,63
4807b5cc-e9b4-11ed-91c0-3cf0117cfe66_jpg.rf.6baf9eb26ed9d227b05b4496d61bea87.jpg,224,224,Ducky,96,17,121,49
7110493e-e9b4-11ed-91c0-3cf0117cfe66_jpg.rf.683dc97947223ec43ddae5172d41b3d2.jpg,224,224,Ducky,96,72,162,159
30e0acbe-e9b4-11ed-91c0-3cf0117cfe66_jpg.rf.75baa3f3487e49301d0b5c8368c3780b.jpg,224,224,Ducky,63,80,148,181
728f5ffc-e9b4-11ed-91c0-3cf0117cfe66_jpg.rf.70d5ce4afbe17fcb3a2bd6465d158494.jpg,224,224,Ducky,115,19,145,56
6414d858-e9b4-11ed-91c0-3cf0117cfe66_jpg.rf.75361934a82f2fcc5910d3bffc1092d4.jpg,224,224,Ducky,77,122,176,224
40acaae4-e9b4-11ed-91c0-3cf0117cfe66_jpg.rf.77c9e18780045e17eb2595247f2998be.jpg,224,224,Ducky,107,31,141,73
74fb6160-e9b3-11ed-91c0-3cf0117cfe66_jpg.rf.748411fb3c524788e0eadeb8cfb104e5.jpg,224,224,Ducky,108,63,178,135
6c41bf78-e9b4-11ed-91c0-3cf0117cfe66_jpg.rf.73d51fb7c8b503ecdd5d4f8ae19132db.jpg,224,224,Ducky,96,24,134,68
2348e060-e9ac-11ed-b445-3cf0117cfe66_jpg.rf.7d024277b59e0b62146a5324d2c822af.jpg,224,224,Ducky,42,63,142,179
65c76936-e9b4-11ed-91c0-3cf0117cfe66_jpg.rf.774d54d30f5c04fd87392228937d967a.jpg,224,224,Ducky,104,21,140,61
689fecaa-e9b4-11ed-91c0-3cf0117cfe66_jpg.rf.773254bd40e66a1f8b6180716d5a9478.jpg,224,224,Ducky,101,62,160,135
71c716be-e9b4-11ed-91c0-3cf0117cfe66_jpg.rf.7acf9d34f51c9e6029cc8ac1a15730b6.jpg,224,224,Ducky,117,27,153,73
3c884c6e-e9ac-11ed-b445-3cf0117cfe66_jpg.rf.7e443b6bf8b981f53b84c4c8d1ab201e.jpg,224,224,Ducky,62,64,154,176
7ff3adac-e9b3-11ed-91c0-3cf0117cfe66_jpg.rf.79ad01611ef91f2d8702e7f8c1031034.jpg,224,224,Ducky,53,61,120,127
3fad2176-e9ac-11ed-b445-3cf0117cfe66_jpg.rf.792275415b09c1547834efc27d3d497b.jpg,224,224,Ducky,81,59,161,156
756efd3c-e9b3-11ed-91c0-3cf0117cfe66_jpg.rf.7c7e057aa6a9b7e7065b3db103e5af9d.jpg,224,224,Ducky,119,61,190,136
6a017f14-e9b4-11ed-91c0-3cf0117cfe66_jpg.rf.79f7cd7b24ca8659fbf208a532af0ab2.jpg,224,224,Ducky,96,12,125,49
39d4dd0e-e9b4-11ed-91c0-3cf0117cfe66_jpg.rf.7d4c1b1fe1d5815e4e3c718322d8a10b.jpg,224,224,Ducky,97,53,146,109
6c9cd1ce-e9b4-11ed-91c0-3cf0117cfe66_jpg.rf.7f7307033d1250a6cf80afc15870be50.jpg,224,224,Ducky,93,18,125,56
871b68c2-e9b3-11ed-91c0-3cf0117cfe66_jpg.rf.7a09ab7373d6076ad90f38adfc917826.jpg,224,224,Ducky,91,51,142,111
5f380b6a-e9ab-11ed-b445-3cf0117cfe66_jpg.rf.804c624b53d60b543fa0d9cc56ea39f0.jpg,224,224,Ducky,57,15,171,162
6b8b4c34-e9b4-11ed-91c0-3cf0117cfe66_jpg.rf.81b270a70ecea5226e99e2fb40040e35.jpg,224,224,Ducky,70,59,132,135
79b3be6c-e9ab-11ed-b445-3cf0117cfe66_jpg.rf.813b733c4dbc9705615f39ea672ce549.jpg,224,224,Ducky,54,14,179,176
5d8c0ace-e9b4-11ed-91c0-3cf0117cfe66_jpg.rf.7dfa1aa477ff62d8a50eb175187435a0.jpg,224,224,Ducky,92,13,121,49
761f5504-e9ab-11ed-b445-3cf0117cfe66_jpg.rf.81c0294b705af16e1d5d6404ea56b2c6.jpg,224,224,Ducky,56,12,177,170
5fec9df6-e9b4-11ed-91c0-3cf0117cfe66_jpg.rf.81a143c0da2a60e9000a5d7671ff8918.jpg,224,224,Ducky,72,82,148,176
72a3c1fe-e9b4-11ed-91c0-3cf0117cfe66_jpg.rf.834b9e729f684147ce2742dce3ad2976.jpg,224,224,Ducky,111,16,141,58
1e6c8d0a-e9b4-11ed-91c0-3cf0117cfe66_jpg.rf.83ce7435608701a7143a376c800c45c7.jpg,224,224,Ducky,79,46,147,120
548790ce-e9b4-11ed-91c0-3cf0117cfe66_jpg.rf.81dc479f4f9c38c3cdcfc66c8feb2997.jpg,224,224,Ducky,91,15,123,52
40c2b7da-e9b4-11ed-91c0-3cf0117cfe66_jpg.rf.898d451330144cb35bf44834cb1e6110.jpg,224,224,Ducky,108,31,141,72
3a7c425e-e9ac-11ed-b445-3cf0117cfe66_jpg.rf.889a46831472dcb31d30883977f7852f.jpg,224,224,Ducky,69,62,150,167
1d272a7c-e9b4-11ed-91c0-3cf0117cfe66_jpg.rf.7e603805c6fb8aa783cd54363383335e.jpg,224,224,Ducky,118,55,185,132
53e1d724-e9b4-11ed-91c0-3cf0117cfe66_jpg.rf.8a80b54e0cf284865db4b195081332b4.jpg,224,224,Ducky,87,24,124,65
0bfe6ace-e9ac-11ed-b445-3cf0117cfe66_jpg.rf.897afffd893d14795211a87762ab2a2b.jpg,224,224,Ducky,69,15,154,124
6f648a0a-e9b4-11ed-91c0-3cf0117cfe66_jpg.rf.7a1a996284759354cfb1fb7b07c2a4ba.jpg,224,224,Ducky,114,18,144,56
5a7e64ac-e9ab-11ed-b445-3cf0117cfe66_jpg.rf.899c6f1c0b44140fc9f82e8c7bd01745.jpg,224,224,Ducky,37,13,156,171
42cf291e-e9b4-11ed-91c0-3cf0117cfe66_jpg.rf.8bc811cca759fc23a97141286f7fef1b.jpg,224,224,Ducky,85,83,150,167
47ae21a6-e9b4-11ed-91c0-3cf0117cfe66_jpg.rf.86a2fc2edffb003f2adc5f7a1deb2963.jpg,224,224,Ducky,101,19,127,51
813b3acc-e9b3-11ed-91c0-3cf0117cfe66_jpg.rf.8d248a6663f5a79b7ec1a4ac3b8fc475.jpg,224,224,Ducky,105,56,163,119
716da44e-e9b4-11ed-91c0-3cf0117cfe66_jpg.rf.8a4338e3af46eb31898aa4221167bd9a.jpg,224,224,Ducky,89,39,136,104
513a7288-e9b4-11ed-91c0-3cf0117cfe66_jpg.rf.83f4107769667120212db74aabeb431a.jpg,224,224,Ducky,78,19,109,57
8bdfdcb2-e9b3-11ed-91c0-3cf0117cfe66_jpg.rf.865c10abc80a0eaa505f69fad0ac7303.jpg,224,224,Ducky,39,53,102,119
0ec441fe-e9b4-11ed-91c0-3cf0117cfe66_jpg.rf.81f366dbea8472de55813e1c1c83dec7.jpg,224,224,Ducky,129,49,186,119